0 verbose cli /Users/siliconluo/.nvm/versions/node/v22.23.1/bin/node /Users/siliconluo/.nvm/versions/node/v22.23.1/bin/npm
1 info using npm@10.9.8
2 info using node@v22.23.1
3 silly config load:file:/Users/siliconluo/.nvm/versions/node/v22.23.1/lib/node_modules/npm/npmrc
4 silly config load:file:/Users/siliconluo/AZ-DSK-F-012/tmp/ignis-fork/ignis/.npmrc
5 silly config load:file:/Users/siliconluo/.npmrc
6 silly config load:file:/Users/siliconluo/.nvm/versions/node/v22.23.1/etc/npmrc
7 verbose title npm install esbuild@0.20.0
8 verbose argv "install" "--no-save" "esbuild@0.20.0" "--cache" ".npm-cache" "--registry" "https://registry.npmjs.org"
9 verbose logfile logs-max:10 dir:/Users/siliconluo/AZ-DSK-F-012/tmp/ignis-fork/ignis/.npm-cache/_logs/2026-09-03T22_47_56_528Z-
10 verbose logfile /Users/siliconluo/AZ-DSK-F-012/tmp/ignis-fork/ignis/.npm-cache/_logs/2026-09-03T22_47_56_528Z-debug-0.log
11 silly logfile done cleaning log files
12 silly packumentCache heap:4345298944 maxSize:1086324736 maxEntrySize:543162368
13 silly idealTree buildDeps
14 silly fetch manifest esbuild@0.20.0
15 silly packumentCache full:https://registry.npmjs.org/esbuild cache-miss
16 http fetch GET 200 https://registry.npmjs.org/npm 1292ms
17 http fetch GET 200 https://registry.npmjs.org/esbuild 1299ms (cache miss)
18 silly packumentCache full:https://registry.npmjs.org/esbuild set size:undefined disposed:false
19 silly placeDep ROOT esbuild@0.20.0 REPLACE for: ignis-monorepo@0.8.10 want: 0.20.0
20 silly fetch manifest @esbuild/aix-ppc64@0.20.0
21 silly packumentCache full:https://registry.npmjs.org/@esbuild%2faix-ppc64 cache-miss
22 silly fetch manifest @esbuild/linux-arm@0.20.0
23 silly packumentCache full:https://registry.npmjs.org/@esbuild%2flinux-arm cache-miss
24 silly fetch manifest @esbuild/linux-x64@0.20.0
25 silly packumentCache full:https://registry.npmjs.org/@esbuild%2flinux-x64 cache-miss
26 silly fetch manifest @esbuild/sunos-x64@0.20.0
27 silly packumentCache full:https://registry.npmjs.org/@esbuild%2fsunos-x64 cache-miss
28 silly fetch manifest @esbuild/win32-x64@0.20.0
29 silly packumentCache full:https://registry.npmjs.org/@esbuild%2fwin32-x64 cache-miss
30 silly fetch manifest @esbuild/darwin-x64@0.20.0
31 silly packumentCache full:https://registry.npmjs.org/@esbuild%2fdarwin-x64 cache-miss
32 silly fetch manifest @esbuild/linux-ia32@0.20.0
33 silly packumentCache full:https://registry.npmjs.org/@esbuild%2flinux-ia32 cache-miss
34 http fetch GET 200 https://registry.npmjs.org/@esbuild%2faix-ppc64 226ms (cache miss)
35 silly packumentCache full:https://registry.npmjs.org/@esbuild%2faix-ppc64 set size:undefined disposed:false
36 silly fetch manifest @esbuild/netbsd-x64@0.20.0
37 silly packumentCache full:https://registry.npmjs.org/@esbuild%2fnetbsd-x64 cache-miss
38 http fetch GET 200 https://registry.npmjs.org/@esbuild%2flinux-arm 234ms (cache miss)
39 silly packumentCache full:https://registry.npmjs.org/@esbuild%2flinux-arm set size:undefined disposed:false
40 silly fetch manifest @esbuild/win32-ia32@0.20.0
41 silly packumentCache full:https://registry.npmjs.org/@esbuild%2fwin32-ia32 cache-miss
42 http fetch GET 200 https://registry.npmjs.org/@esbuild%2fwin32-ia32 270ms (cache miss)
43 silly packumentCache full:https://registry.npmjs.org/@esbuild%2fwin32-ia32 set size:undefined disposed:false
44 silly fetch manifest @esbuild/android-arm@0.20.0
45 silly packumentCache full:https://registry.npmjs.org/@esbuild%2fandroid-arm cache-miss
46 http fetch GET 200 https://registry.npmjs.org/@esbuild%2fnetbsd-x64 280ms (cache miss)
47 silly packumentCache full:https://registry.npmjs.org/@esbuild%2fnetbsd-x64 set size:undefined disposed:false
48 silly fetch manifest @esbuild/android-x64@0.20.0
49 silly packumentCache full:https://registry.npmjs.org/@esbuild%2fandroid-x64 cache-miss
50 http fetch GET 200 https://registry.npmjs.org/@esbuild%2fandroid-x64 218ms (cache miss)
51 silly packumentCache full:https://registry.npmjs.org/@esbuild%2fandroid-x64 set size:undefined disposed:false
52 silly fetch manifest @esbuild/freebsd-x64@0.20.0
53 silly packumentCache full:https://registry.npmjs.org/@esbuild%2ffreebsd-x64 cache-miss
54 http fetch GET 200 https://registry.npmjs.org/@esbuild%2flinux-ia32 742ms (cache miss)
55 silly packumentCache full:https://registry.npmjs.org/@esbuild%2flinux-ia32 set size:undefined disposed:false
56 silly fetch manifest @esbuild/linux-arm64@0.20.0
57 silly packumentCache full:https://registry.npmjs.org/@esbuild%2flinux-arm64 cache-miss
58 http fetch GET 200 https://registry.npmjs.org/@esbuild%2fandroid-arm 239ms (cache miss)
59 silly packumentCache full:https://registry.npmjs.org/@esbuild%2fandroid-arm set size:undefined disposed:false
60 silly fetch manifest @esbuild/linux-ppc64@0.20.0
61 silly packumentCache full:https://registry.npmjs.org/@esbuild%2flinux-ppc64 cache-miss
62 http fetch GET 200 https://registry.npmjs.org/@esbuild%2fwin32-x64 754ms (cache miss)
63 silly packumentCache full:https://registry.npmjs.org/@esbuild%2fwin32-x64 set size:undefined disposed:false
64 silly fetch manifest @esbuild/linux-s390x@0.20.0
65 silly packumentCache full:https://registry.npmjs.org/@esbuild%2flinux-s390x cache-miss
66 http fetch GET 200 https://registry.npmjs.org/@esbuild%2flinux-x64 762ms (cache miss)
67 silly packumentCache full:https://registry.npmjs.org/@esbuild%2flinux-x64 set size:undefined disposed:false
68 silly fetch manifest @esbuild/openbsd-x64@0.20.0
69 silly packumentCache full:https://registry.npmjs.org/@esbuild%2fopenbsd-x64 cache-miss
70 http fetch GET 200 https://registry.npmjs.org/@esbuild%2fsunos-x64 793ms (cache miss)
71 silly packumentCache full:https://registry.npmjs.org/@esbuild%2fsunos-x64 set size:undefined disposed:false
72 silly fetch manifest @esbuild/win32-arm64@0.20.0
73 silly packumentCache full:https://registry.npmjs.org/@esbuild%2fwin32-arm64 cache-miss
74 http fetch GET 200 https://registry.npmjs.org/@esbuild%2flinux-ppc64 295ms (cache miss)
75 silly packumentCache full:https://registry.npmjs.org/@esbuild%2flinux-ppc64 set size:undefined disposed:false
76 silly fetch manifest @esbuild/darwin-arm64@0.20.0
77 silly packumentCache full:https://registry.npmjs.org/@esbuild%2fdarwin-arm64 cache-miss
78 http fetch GET 200 https://registry.npmjs.org/@esbuild%2ffreebsd-x64 317ms (cache miss)
79 silly packumentCache full:https://registry.npmjs.org/@esbuild%2ffreebsd-x64 set size:undefined disposed:false
80 silly fetch manifest @esbuild/android-arm64@0.20.0
81 silly packumentCache full:https://registry.npmjs.org/@esbuild%2fandroid-arm64 cache-miss
82 http fetch GET 200 https://registry.npmjs.org/@esbuild%2flinux-s390x 293ms (cache miss)
83 silly packumentCache full:https://registry.npmjs.org/@esbuild%2flinux-s390x set size:undefined disposed:false
84 silly fetch manifest @esbuild/freebsd-arm64@0.20.0
85 silly packumentCache full:https://registry.npmjs.org/@esbuild%2ffreebsd-arm64 cache-miss
86 http fetch GET 200 https://registry.npmjs.org/@esbuild%2flinux-arm64 306ms (cache miss)
87 silly packumentCache full:https://registry.npmjs.org/@esbuild%2flinux-arm64 set size:undefined disposed:false
88 silly fetch manifest @esbuild/linux-loong64@0.20.0
89 silly packumentCache full:https://registry.npmjs.org/@esbuild%2flinux-loong64 cache-miss
90 http fetch GET 200 https://registry.npmjs.org/@esbuild%2fopenbsd-x64 291ms (cache miss)
91 silly packumentCache full:https://registry.npmjs.org/@esbuild%2fopenbsd-x64 set size:undefined disposed:false
92 silly fetch manifest @esbuild/linux-riscv64@0.20.0
93 silly packumentCache full:https://registry.npmjs.org/@esbuild%2flinux-riscv64 cache-miss
94 http fetch GET 200 https://registry.npmjs.org/@esbuild%2fdarwin-x64 1083ms (cache miss)
95 silly packumentCache full:https://registry.npmjs.org/@esbuild%2fdarwin-x64 set size:undefined disposed:false
96 silly fetch manifest @esbuild/linux-mips64el@0.20.0
97 silly packumentCache full:https://registry.npmjs.org/@esbuild%2flinux-mips64el cache-miss
98 http fetch GET 200 https://registry.npmjs.org/@esbuild%2fwin32-arm64 291ms (cache miss)
99 silly packumentCache full:https://registry.npmjs.org/@esbuild%2fwin32-arm64 set size:undefined disposed:false
100 http fetch GET 200 https://registry.npmjs.org/@esbuild%2fdarwin-arm64 209ms (cache miss)
101 silly packumentCache full:https://registry.npmjs.org/@esbuild%2fdarwin-arm64 set size:undefined disposed:false
102 http fetch GET 200 https://registry.npmjs.org/@esbuild%2ffreebsd-arm64 224ms (cache miss)
103 silly packumentCache full:https://registry.npmjs.org/@esbuild%2ffreebsd-arm64 set size:undefined disposed:false
104 http fetch GET 200 https://registry.npmjs.org/@esbuild%2fandroid-arm64 233ms (cache miss)
105 silly packumentCache full:https://registry.npmjs.org/@esbuild%2fandroid-arm64 set size:undefined disposed:false
106 http fetch GET 200 https://registry.npmjs.org/@esbuild%2flinux-loong64 255ms (cache miss)
107 silly packumentCache full:https://registry.npmjs.org/@esbuild%2flinux-loong64 set size:undefined disposed:false
108 http fetch GET 200 https://registry.npmjs.org/@esbuild%2flinux-riscv64 265ms (cache miss)
109 silly packumentCache full:https://registry.npmjs.org/@esbuild%2flinux-riscv64 set size:undefined disposed:false
110 http fetch GET 200 https://registry.npmjs.org/@esbuild%2flinux-mips64el 250ms (cache miss)
111 silly packumentCache full:https://registry.npmjs.org/@esbuild%2flinux-mips64el set size:undefined disposed:false
112 silly placeDep ROOT @esbuild/aix-ppc64@0.20.0 OK for: esbuild@0.20.0 want: 0.20.0
113 silly placeDep ROOT @esbuild/android-arm@0.20.0 OK for: esbuild@0.20.0 want: 0.20.0
114 silly placeDep ROOT @esbuild/android-arm64@0.20.0 OK for: esbuild@0.20.0 want: 0.20.0
115 silly placeDep ROOT @esbuild/android-x64@0.20.0 OK for: esbuild@0.20.0 want: 0.20.0
116 silly placeDep ROOT @esbuild/darwin-arm64@0.20.0 OK for: esbuild@0.20.0 want: 0.20.0
117 silly placeDep ROOT @esbuild/darwin-x64@0.20.0 OK for: esbuild@0.20.0 want: 0.20.0
118 silly placeDep ROOT @esbuild/freebsd-arm64@0.20.0 OK for: esbuild@0.20.0 want: 0.20.0
119 silly placeDep ROOT @esbuild/freebsd-x64@0.20.0 OK for: esbuild@0.20.0 want: 0.20.0
120 silly placeDep ROOT @esbuild/linux-arm@0.20.0 OK for: esbuild@0.20.0 want: 0.20.0
121 silly placeDep ROOT @esbuild/linux-arm64@0.20.0 OK for: esbuild@0.20.0 want: 0.20.0
122 silly placeDep ROOT @esbuild/linux-ia32@0.20.0 OK for: esbuild@0.20.0 want: 0.20.0
123 silly placeDep ROOT @esbuild/linux-loong64@0.20.0 OK for: esbuild@0.20.0 want: 0.20.0
124 silly placeDep ROOT @esbuild/linux-mips64el@0.20.0 OK for: esbuild@0.20.0 want: 0.20.0
125 silly placeDep ROOT @esbuild/linux-ppc64@0.20.0 OK for: esbuild@0.20.0 want: 0.20.0
126 silly placeDep ROOT @esbuild/linux-riscv64@0.20.0 OK for: esbuild@0.20.0 want: 0.20.0
127 silly placeDep ROOT @esbuild/linux-s390x@0.20.0 OK for: esbuild@0.20.0 want: 0.20.0
128 silly placeDep ROOT @esbuild/linux-x64@0.20.0 OK for: esbuild@0.20.0 want: 0.20.0
129 silly placeDep ROOT @esbuild/netbsd-x64@0.20.0 OK for: esbuild@0.20.0 want: 0.20.0
130 silly placeDep ROOT @esbuild/openbsd-x64@0.20.0 OK for: esbuild@0.20.0 want: 0.20.0
131 silly placeDep ROOT @esbuild/sunos-x64@0.20.0 OK for: esbuild@0.20.0 want: 0.20.0
132 silly placeDep ROOT @esbuild/win32-arm64@0.20.0 OK for: esbuild@0.20.0 want: 0.20.0
133 silly placeDep ROOT @esbuild/win32-ia32@0.20.0 OK for: esbuild@0.20.0 want: 0.20.0
134 silly placeDep ROOT @esbuild/win32-x64@0.20.0 OK for: esbuild@0.20.0 want: 0.20.0
135 silly reify moves {}
136 silly audit bulk request {
136 silly audit   '@ignis/docs': [ '0.0.0-internal' ],
136 silly audit   '@ignis/app': [ '0.8.1', '0.0.0-internal' ],
136 silly audit   '@ampproject/remapping': [ '2.3.0' ],
136 silly audit   '@astrojs/compiler-binding': [ '0.3.0' ],
136 silly audit   '@astrojs/compiler-binding-darwin-arm64': [ '0.3.0' ],
136 silly audit   '@astrojs/compiler-binding-darwin-x64': [ '0.3.0' ],
136 silly audit   '@astrojs/compiler-binding-linux-arm64-gnu': [ '0.3.0' ],
136 silly audit   '@astrojs/compiler-binding-linux-arm64-musl': [ '0.3.0' ],
136 silly audit   '@astrojs/compiler-binding-linux-x64-gnu': [ '0.3.0' ],
136 silly audit   '@astrojs/compiler-binding-linux-x64-musl': [ '0.3.0' ],
136 silly audit   '@astrojs/compiler-binding-wasm32-wasi': [ '0.3.0' ],
136 silly audit   '@astrojs/compiler-binding-win32-arm64-msvc': [ '0.3.0' ],
136 silly audit   '@astrojs/compiler-binding-win32-x64-msvc': [ '0.3.0' ],
136 silly audit   '@astrojs/compiler-rs': [ '0.3.0' ],
136 silly audit   '@astrojs/internal-helpers': [ '0.10.1' ],
136 silly audit   picomatch: [ '4.0.5', '2.3.2', '4.0.4' ],
136 silly audit   '@astrojs/markdown-remark': [ '7.2.1' ],
136 silly audit   '@astrojs/markdown-satteri': [ '0.3.3' ],
136 silly audit   '@astrojs/mdx': [ '7.0.2' ],
136 silly audit   'es-module-lexer': [ '2.3.0', '1.7.0' ],
136 silly audit   '@astrojs/prism': [ '4.0.2' ],
136 silly audit   '@astrojs/sitemap': [ '3.7.3' ],
136 silly audit   '@astrojs/starlight': [ '0.41.3' ],
136 silly audit   '@astrojs/telemetry': [ '3.3.2' ],
136 silly audit   '@babel/helper-string-parser': [ '7.29.7' ],
136 silly audit   '@babel/helper-validator-identifier': [ '7.29.7' ],
136 silly audit   '@babel/parser': [ '7.29.7' ],
136 silly audit   '@babel/types': [ '7.29.7' ],
136 silly audit   '@bruits/satteri-darwin-arm64': [ '0.9.4' ],
136 silly audit   '@bruits/satteri-darwin-x64': [ '0.9.4' ],
136 silly audit   '@bruits/satteri-linux-arm64-gnu': [ '0.9.4' ],
136 silly audit   '@bruits/satteri-linux-arm64-musl': [ '0.9.4' ],
136 silly audit   '@bruits/satteri-linux-x64-gnu': [ '0.9.4' ],
136 silly audit   '@bruits/satteri-linux-x64-musl': [ '0.9.4' ],
136 silly audit   '@bruits/satteri-wasm32-wasi': [ '0.9.4' ],
136 silly audit   '@emnapi/core': [ '1.11.1', '1.11.2' ],
136 silly audit   '@emnapi/runtime': [ '1.11.1', '1.11.2' ],
136 silly audit   '@bruits/satteri-win32-arm64-msvc': [ '0.9.4' ],
136 silly audit   '@bruits/satteri-win32-x64-msvc': [ '0.9.4' ],
136 silly audit   '@capsizecss/unpack': [ '4.0.1' ],
136 silly audit   '@clack/core': [ '1.4.3' ],
136 silly audit   '@clack/prompts': [ '1.7.0' ],
136 silly audit   '@ctrl/tinycolor': [ '4.2.0' ],
136 silly audit   '@emnapi/wasi-threads': [ '1.2.2' ],
136 silly audit   '@esbuild/aix-ppc64': [ '0.28.1', '0.27.7', '0.20.0' ],
136 silly audit   '@esbuild/android-arm': [ '0.28.1', '0.27.7', '0.20.0' ],
136 silly audit   '@esbuild/android-arm64': [ '0.28.1', '0.27.7', '0.20.0' ],
136 silly audit   '@esbuild/android-x64': [ '0.28.1', '0.27.7', '0.20.0' ],
136 silly audit   '@esbuild/darwin-arm64': [ '0.28.1', '0.27.7', '0.20.0' ],
136 silly audit   '@esbuild/darwin-x64': [ '0.28.1', '0.27.7', '0.20.0' ],
136 silly audit   '@esbuild/freebsd-arm64': [ '0.28.1', '0.27.7', '0.20.0' ],
136 silly audit   '@esbuild/freebsd-x64': [ '0.28.1', '0.27.7', '0.20.0' ],
136 silly audit   '@esbuild/linux-arm': [ '0.28.1', '0.27.7', '0.20.0' ],
136 silly audit   '@esbuild/linux-arm64': [ '0.28.1', '0.27.7', '0.20.0' ],
136 silly audit   '@esbuild/linux-ia32': [ '0.28.1', '0.27.7', '0.20.0' ],
136 silly audit   '@esbuild/linux-loong64': [ '0.28.1', '0.27.7', '0.20.0' ],
136 silly audit   '@esbuild/linux-mips64el': [ '0.28.1', '0.27.7', '0.20.0' ],
136 silly audit   '@esbuild/linux-ppc64': [ '0.28.1', '0.27.7', '0.20.0' ],
136 silly audit   '@esbuild/linux-riscv64': [ '0.28.1', '0.27.7', '0.20.0' ],
136 silly audit   '@esbuild/linux-s390x': [ '0.28.1', '0.27.7', '0.20.0' ],
136 silly audit   '@esbuild/linux-x64': [ '0.28.1', '0.27.7', '0.20.0' ],
136 silly audit   '@esbuild/netbsd-arm64': [ '0.27.7', '0.28.1' ],
136 silly audit   '@esbuild/netbsd-x64': [ '0.28.1', '0.27.7', '0.20.0' ],
136 silly audit   '@esbuild/openbsd-arm64': [ '0.27.7', '0.28.1' ],
136 silly audit   '@esbuild/openbsd-x64': [ '0.28.1', '0.27.7', '0.20.0' ],
136 silly audit   '@esbuild/openharmony-arm64': [ '0.27.7', '0.28.1' ],
136 silly audit   '@esbuild/sunos-x64': [ '0.28.1', '0.27.7', '0.20.0' ],
136 silly audit   '@esbuild/win32-arm64': [ '0.28.1', '0.27.7', '0.20.0' ],
136 silly audit   '@esbuild/win32-ia32': [ '0.28.1', '0.27.7', '0.20.0' ],
136 silly audit   '@esbuild/win32-x64': [ '0.28.1', '0.27.7', '0.20.0' ],
136 silly audit   '@expressive-code/core': [ '0.44.0' ],
136 silly audit   '@expressive-code/plugin-frames': [ '0.44.0' ],
136 silly audit   '@expressive-code/plugin-shiki': [ '0.44.0' ],
136 silly audit   '@expressive-code/plugin-text-markers': [ '0.44.0' ],
136 silly audit   '@fontsource/noto-sans': [ '5.2.10' ],
136 silly audit   '@img/colour': [ '1.1.0' ],
136 silly audit   '@img/sharp-darwin-arm64': [ '0.35.3' ],
136 silly audit   '@img/sharp-darwin-x64': [ '0.35.3' ],
136 silly audit   '@img/sharp-freebsd-wasm32': [ '0.35.3' ],
136 silly audit   '@img/sharp-libvips-darwin-arm64': [ '1.3.2' ],
136 silly audit   '@img/sharp-libvips-darwin-x64': [ '1.3.2' ],
136 silly audit   '@img/sharp-libvips-linux-arm': [ '1.3.2' ],
136 silly audit   '@img/sharp-libvips-linux-arm64': [ '1.3.2' ],
136 silly audit   '@img/sharp-libvips-linux-ppc64': [ '1.3.2' ],
136 silly audit   '@img/sharp-libvips-linux-riscv64': [ '1.3.2' ],
136 silly audit   '@img/sharp-libvips-linux-s390x': [ '1.3.2' ],
136 silly audit   '@img/sharp-libvips-linux-x64': [ '1.3.2' ],
136 silly audit   '@img/sharp-libvips-linuxmusl-arm64': [ '1.3.2' ],
136 silly audit   '@img/sharp-libvips-linuxmusl-x64': [ '1.3.2' ],
136 silly audit   '@img/sharp-linux-arm': [ '0.35.3' ],
136 silly audit   '@img/sharp-linux-arm64': [ '0.35.3' ],
136 silly audit   '@img/sharp-linux-ppc64': [ '0.35.3' ],
136 silly audit   '@img/sharp-linux-riscv64': [ '0.35.3' ],
136 silly audit   '@img/sharp-linux-s390x': [ '0.35.3' ],
136 silly audit   '@img/sharp-linux-x64': [ '0.35.3' ],
136 silly audit   '@img/sharp-linuxmusl-arm64': [ '0.35.3' ],
136 silly audit   '@img/sharp-linuxmusl-x64': [ '0.35.3' ],
136 silly audit   '@img/sharp-wasm32': [ '0.35.3' ],
136 silly audit   '@img/sharp-webcontainers-wasm32': [ '0.35.3' ],
136 silly audit   '@img/sharp-win32-arm64': [ '0.35.3' ],
136 silly audit   '@img/sharp-win32-ia32': [ '0.35.3' ],
136 silly audit   '@img/sharp-win32-x64': [ '0.35.3' ],
136 silly audit   '@isaacs/cliui': [ '8.0.2' ],
136 silly audit   '@jridgewell/gen-mapping': [ '0.3.13' ],
136 silly audit   '@jridgewell/resolve-uri': [ '3.1.2' ],
136 silly audit   '@jridgewell/sourcemap-codec': [ '1.5.5' ],
136 silly audit   '@jridgewell/trace-mapping': [ '0.3.31' ],
136 silly audit   '@mdx-js/mdx': [ '3.1.1' ],
136 silly audit   '@napi-rs/wasm-runtime': [ '1.1.6' ],
136 silly audit   '@noble/hashes': [ '2.2.0' ],
136 silly audit   '@oslojs/encoding': [ '1.1.0' ],
136 silly audit   '@oxc-project/types': [ '0.138.0' ],
136 silly audit   '@oxlint/binding-android-arm-eabi': [ '1.70.0' ],
136 silly audit   '@oxlint/binding-android-arm64': [ '1.70.0' ],
136 silly audit   '@oxlint/binding-darwin-arm64': [ '1.70.0' ],
136 silly audit   '@oxlint/binding-darwin-x64': [ '1.70.0' ],
136 silly audit   '@oxlint/binding-freebsd-x64': [ '1.70.0' ],
136 silly audit   '@oxlint/binding-linux-arm-gnueabihf': [ '1.70.0' ],
136 silly audit   '@oxlint/binding-linux-arm-musleabihf': [ '1.70.0' ],
136 silly audit   '@oxlint/binding-linux-arm64-gnu': [ '1.70.0' ],
136 silly audit   '@oxlint/binding-linux-arm64-musl': [ '1.70.0' ],
136 silly audit   '@oxlint/binding-linux-ppc64-gnu': [ '1.70.0' ],
136 silly audit   '@oxlint/binding-linux-riscv64-gnu': [ '1.70.0' ],
136 silly audit   '@oxlint/binding-linux-riscv64-musl': [ '1.70.0' ],
136 silly audit   '@oxlint/binding-linux-s390x-gnu': [ '1.70.0' ],
136 silly audit   '@oxlint/binding-linux-x64-gnu': [ '1.70.0' ],
136 silly audit   '@oxlint/binding-linux-x64-musl': [ '1.70.0' ],
136 silly audit   '@oxlint/binding-openharmony-arm64': [ '1.70.0' ],
136 silly audit   '@oxlint/binding-win32-arm64-msvc': [ '1.70.0' ],
136 silly audit   '@oxlint/binding-win32-ia32-msvc': [ '1.70.0' ],
136 silly audit   '@oxlint/binding-win32-x64-msvc': [ '1.70.0' ],
136 silly audit   '@pagefind/darwin-arm64': [ '1.5.2' ],
136 silly audit   '@pagefind/darwin-x64': [ '1.5.2' ],
136 silly audit   '@pagefind/default-ui': [ '1.5.2' ],
136 silly audit   '@pagefind/freebsd-x64': [ '1.5.2' ],
136 silly audit   '@pagefind/linux-arm64': [ '1.5.2' ],
136 silly audit   '@pagefind/linux-x64': [ '1.5.2' ],
136 silly audit   '@pagefind/windows-arm64': [ '1.5.2' ],
136 silly audit   '@pagefind/windows-x64': [ '1.5.2' ],
136 silly audit   '@pkgjs/parseargs': [ '0.11.0' ],
136 silly audit   '@rolldown/binding-android-arm64': [ '1.1.4' ],
136 silly audit   '@rolldown/binding-darwin-arm64': [ '1.1.4' ],
136 silly audit   '@rolldown/binding-darwin-x64': [ '1.1.4' ],
136 silly audit   '@rolldown/binding-freebsd-x64': [ '1.1.4' ],
136 silly audit   '@rolldown/binding-linux-arm-gnueabihf': [ '1.1.4' ],
136 silly audit   '@rolldown/binding-linux-arm64-gnu': [ '1.1.4' ],
136 silly audit   '@rolldown/binding-linux-arm64-musl': [ '1.1.4' ],
136 silly audit   '@rolldown/binding-linux-ppc64-gnu': [ '1.1.4' ],
136 silly audit   '@rolldown/binding-linux-s390x-gnu': [ '1.1.4' ],
136 silly audit   '@rolldown/binding-linux-x64-gnu': [ '1.1.4' ],
136 silly audit   '@rolldown/binding-linux-x64-musl': [ '1.1.4' ],
136 silly audit   '@rolldown/binding-openharmony-arm64': [ '1.1.4' ],
136 silly audit   '@rolldown/binding-wasm32-wasi': [ '1.1.4' ],
136 silly audit   '@rolldown/binding-win32-arm64-msvc': [ '1.1.4' ],
136 silly audit   '@rolldown/binding-win32-x64-msvc': [ '1.1.4' ],
136 silly audit   '@rolldown/pluginutils': [ '1.0.1' ],
136 silly audit   '@rollup/pluginutils': [ '5.4.0' ],
136 silly audit   'estree-walker': [ '2.0.2', '3.0.3' ],
136 silly audit   '@rollup/rollup-android-arm-eabi': [ '4.60.3' ],
136 silly audit   '@rollup/rollup-android-arm64': [ '4.60.3' ],
136 silly audit   '@rollup/rollup-darwin-arm64': [ '4.60.3' ],
136 silly audit   '@rollup/rollup-darwin-x64': [ '4.60.3' ],
136 silly audit   '@rollup/rollup-freebsd-arm64': [ '4.60.3' ],
136 silly audit   '@rollup/rollup-freebsd-x64': [ '4.60.3' ],
136 silly audit   '@rollup/rollup-linux-arm-gnueabihf': [ '4.60.3' ],
136 silly audit   '@rollup/rollup-linux-arm-musleabihf': [ '4.60.3' ],
136 silly audit   '@rollup/rollup-linux-arm64-gnu': [ '4.60.3' ],
136 silly audit   '@rollup/rollup-linux-arm64-musl': [ '4.60.3' ],
136 silly audit   '@rollup/rollup-linux-loong64-gnu': [ '4.60.3' ],
136 silly audit   '@rollup/rollup-linux-loong64-musl': [ '4.60.3' ],
136 silly audit   '@rollup/rollup-linux-ppc64-gnu': [ '4.60.3' ],
136 silly audit   '@rollup/rollup-linux-ppc64-musl': [ '4.60.3' ],
136 silly audit   '@rollup/rollup-linux-riscv64-gnu': [ '4.60.3' ],
136 silly audit   '@rollup/rollup-linux-riscv64-musl': [ '4.60.3' ],
136 silly audit   '@rollup/rollup-linux-s390x-gnu': [ '4.60.3' ],
136 silly audit   '@rollup/rollup-linux-x64-gnu': [ '4.60.3' ],
136 silly audit   '@rollup/rollup-linux-x64-musl': [ '4.60.3' ],
136 silly audit   '@rollup/rollup-openbsd-x64': [ '4.60.3' ],
136 silly audit   '@rollup/rollup-openharmony-arm64': [ '4.60.3' ],
136 silly audit   '@rollup/rollup-win32-arm64-msvc': [ '4.60.3' ],
136 silly audit   '@rollup/rollup-win32-ia32-msvc': [ '4.60.3' ],
136 silly audit   '@rollup/rollup-win32-x64-gnu': [ '4.60.3' ],
136 silly audit   '@rollup/rollup-win32-x64-msvc': [ '4.60.3' ],
136 silly audit   '@shikijs/core': [ '4.3.1' ],
136 silly audit   '@shikijs/engine-javascript': [ '4.3.1' ],
136 silly audit   '@shikijs/engine-oniguruma': [ '4.3.1' ],
136 silly audit   '@shikijs/langs': [ '4.3.1' ],
136 silly audit   '@shikijs/primitive': [ '4.3.1' ],
136 silly audit   '@shikijs/themes': [ '4.3.1' ],
136 silly audit   '@shikijs/types': [ '4.3.1' ],
136 silly audit   '@shikijs/vscode-textmate': [ '10.0.2' ],
136 silly audit   '@tybys/wasm-util': [ '0.10.3' ],
136 silly audit   '@types/chai': [ '5.2.3' ],
136 silly audit   '@types/debug': [ '4.1.13' ],
136 silly audit   '@types/deep-eql': [ '4.0.2' ],
136 silly audit   '@types/estree': [ '1.0.8' ],
136 silly audit   '@types/estree-jsx': [ '1.0.5' ],
136 silly audit   '@types/hast': [ '3.0.4' ],
136 silly audit   '@types/js-yaml': [ '4.0.9' ],
136 silly audit   '@types/mdast': [ '4.0.4' ],
136 silly audit   '@types/mdx': [ '2.0.14' ],
136 silly audit   '@types/ms': [ '2.1.0' ],
136 silly audit   '@types/nlcst': [ '2.0.3' ],
136 silly audit   '@types/node': [ '24.13.2' ],
136 silly audit   '@types/sax': [ '1.2.7' ],
136 silly audit   '@types/unist': [ '3.0.3', '2.0.11' ],
136 silly audit   '@ungap/structured-clone': [ '1.3.2' ],
136 silly audit   '@vitest/expect': [ '3.2.6' ],
136 silly audit   '@vitest/mocker': [ '3.2.6' ],
136 silly audit   '@vitest/pretty-format': [ '3.2.6' ],
136 silly audit   '@vitest/runner': [ '3.2.6' ],
136 silly audit   '@vitest/snapshot': [ '3.2.6' ],
136 silly audit   '@vitest/spy': [ '3.2.6' ],
136 silly audit   '@vitest/utils': [ '3.2.6' ],
136 silly audit   'abort-controller': [ '3.0.0' ],
136 silly audit   accepts: [ '1.3.8' ],
136 silly audit   acorn: [ '8.16.0' ],
136 silly audit   'acorn-jsx': [ '5.3.2' ],
136 silly audit   'am-i-vibing': [ '0.4.0' ],
136 silly audit   'ansi-regex': [ '6.2.2', '5.0.1' ],
136 silly audit   'ansi-styles': [ '6.2.3', '4.3.0' ],
136 silly audit   anymatch: [ '3.1.3' ],
136 silly audit   archiver: [ '7.0.1' ],
136 silly audit   'archiver-utils': [ '5.0.2' ],
136 silly audit   arg: [ '5.0.2' ],
136 silly audit   argparse: [ '2.0.1' ],
136 silly audit   'aria-query': [ '5.3.2' ],
136 silly audit   'array-flatten': [ '1.1.1' ],
136 silly audit   'array-iterate': [ '2.0.1' ],
136 silly audit   'assertion-error': [ '2.0.1' ],
136 silly audit   astring: [ '1.9.0' ],
136 silly audit   astro: [ '7.0.6' ],
136 silly audit   'astro-expressive-code': [ '0.44.0' ],
136 silly audit   cookie: [ '1.1.1', '0.7.2' ],
136 silly audit   esbuild: [ '0.28.1', '0.27.7', '0.20.0' ],
136 silly audit   tinyexec: [ '1.2.4', '0.3.2' ],
136 silly audit   vite: [ '8.1.3', '7.3.3' ],
136 silly audit   async: [ '3.2.6' ],
136 silly audit   'axobject-query': [ '4.1.0' ],
136 silly audit   b4a: [ '1.8.0' ],
136 silly audit   bail: [ '2.0.2' ],
136 silly audit   'balanced-match': [ '1.0.2' ],
136 silly audit   'bare-events': [ '2.8.2' ],
136 silly audit   'bare-fs': [ '4.5.6' ],
136 silly audit   'bare-os': [ '3.8.0' ],
136 silly audit   'bare-path': [ '3.0.0' ],
136 silly audit   'bare-stream': [ '2.11.0' ],
136 silly audit   'bare-url': [ '2.4.0' ],
136 silly audit   'base64-js': [ '1.5.1' ],
136 silly audit   'bcp-47': [ '2.1.1' ],
136 silly audit   'bcp-47-match': [ '2.0.3' ],
136 silly audit   'binary-extensions': [ '2.3.0' ],
136 silly audit   'body-parser': [ '1.20.5' ],
136 silly audit   boolbase: [ '1.0.0' ],
136 silly audit   'brace-expansion': [ '2.1.1' ],
136 silly audit   braces: [ '3.0.3' ],
136 silly audit   buffer: [ '6.0.3' ],
136 silly audit   'buffer-crc32': [ '1.0.0' ],
136 silly audit   bytes: [ '3.1.2' ],
136 silly audit   cac: [ '6.7.14' ],
136 silly audit   'call-bind-apply-helpers': [ '1.0.2' ],
136 silly audit   'call-bound': [ '1.0.4' ],
136 silly audit   ccount: [ '2.0.1' ],
136 silly audit   chai: [ '5.3.3' ],
136 silly audit   'character-entities': [ '2.0.2' ],
136 silly audit   'character-entities-html4': [ '2.1.0' ],
136 silly audit   'character-entities-legacy': [ '3.0.0' ],
136 silly audit   'character-reference-invalid': [ '2.0.1' ],
136 silly audit   'check-error': [ '2.1.3' ],
136 silly audit   chokidar: [ '3.6.0', '5.0.0' ],
136 silly audit   'ci-info': [ '4.4.0' ],
136 silly audit   clsx: [ '2.1.1' ],
136 silly audit   'code-red': [ '1.0.4' ],
136 silly audit   'collapse-white-space': [ '2.1.0' ],
136 silly audit   'color-convert': [ '2.0.1' ],
136 silly audit   'color-name': [ '1.1.4' ],
136 silly audit   'comma-separated-tokens': [ '2.0.3' ],
136 silly audit   commander: [ '11.1.0' ],
136 silly audit   'common-ancestor-path': [ '2.0.0' ],
136 silly audit   'compress-commons': [ '6.0.2' ],
136 silly audit   compressible: [ '2.0.18' ],
136 silly audit   compression: [ '1.8.1' ],
136 silly audit   negotiator: [ '0.6.4', '0.6.3' ],
136 silly audit   'content-disposition': [ '0.5.4' ],
136 silly audit   'content-type': [ '1.0.5' ],
136 silly audit   'cookie-es': [ '1.2.3' ],
136 silly audit   'cookie-signature': [ '1.0.7' ],
136 silly audit   'core-util-is': [ '1.0.3' ],
136 silly audit   cors: [ '2.8.6' ],
136 silly audit   'crc-32': [ '1.2.2' ],
136 silly audit   'crc32-stream': [ '6.0.0' ],
136 silly audit   'cross-spawn': [ '7.0.6' ],
136 silly audit   crossws: [ '0.3.5' ],
136 silly audit   'css-select': [ '5.2.2' ],
136 silly audit   'css-selector-parser': [ '3.3.0' ],
136 silly audit   'css-tree': [ '2.3.1', '2.2.1', '3.2.1' ],
136 silly audit   'css-what': [ '6.2.2' ],
136 silly audit   cssesc: [ '3.0.0' ],
136 silly audit   csso: [ '5.0.5' ],
136 silly audit   'mdn-data': [ '2.0.28', '2.0.30', '2.27.1' ],
136 silly audit   debug: [ '2.6.9', '4.4.3' ],
136 silly audit   'decode-named-character-reference': [ '1.3.0' ],
136 silly audit   'deep-eql': [ '5.0.2' ],
136 silly audit   defu: [ '6.1.7' ],
136 silly audit   depd: [ '2.0.0' ],
136 silly audit   dequal: [ '2.0.3' ],
136 silly audit   destr: [ '2.0.5' ],
136 silly audit   destroy: [ '1.2.0' ],
136 silly audit   'detect-libc': [ '2.1.2' ],
136 silly audit   devalue: [ '5.8.1' ],
136 silly audit   devlop: [ '1.1.0' ],
136 silly audit   diff: [ '8.0.4' ],
136 silly audit   direction: [ '2.0.1' ],
136 silly audit   'dom-serializer': [ '2.0.0' ],
136 silly audit   entities: [ '4.5.0', '6.0.1' ],
136 silly audit   domelementtype: [ '2.3.0' ],
136 silly audit   domhandler: [ '5.0.3' ],
136 silly audit   domutils: [ '3.2.2' ],
136 silly audit   dset: [ '3.1.4' ],
136 silly audit   'dunder-proto': [ '1.0.1' ],
136 silly audit   eastasianwidth: [ '0.2.0' ],
136 silly audit   'ee-first': [ '1.1.1' ],
136 silly audit   'emoji-regex': [ '9.2.2', '8.0.0' ],
136 silly audit   encodeurl: [ '2.0.0' ],
136 silly audit   'es-define-property': [ '1.0.1' ],
136 silly audit   'es-errors': [ '1.3.0' ],
136 silly audit   'es-object-atoms': [ '1.1.2' ],
136 silly audit   'esast-util-from-estree': [ '2.0.0' ],
136 silly audit   'esast-util-from-js': [ '2.0.1' ],
136 silly audit   'esbuild-svelte': [ '0.9.4' ],
136 silly audit   'escape-html': [ '1.0.3' ],
136 silly audit   'escape-string-regexp': [ '5.0.0' ],
136 silly audit   'estree-util-attach-comments': [ '3.0.0' ],
136 silly audit   'estree-util-build-jsx': [ '3.0.1' ],
136 silly audit   'estree-util-is-identifier-name': [ '3.0.0' ],
136 silly audit   'estree-util-scope': [ '1.0.0' ],
136 silly audit   'estree-util-to-js': [ '2.0.0' ],
136 silly audit   'estree-util-visit': [ '2.0.0' ],
136 silly audit   etag: [ '1.8.1' ],
136 silly audit   'event-target-shim': [ '5.0.1' ],
136 silly audit   eventemitter3: [ '5.0.4' ],
136 silly audit   events: [ '3.3.0' ],
136 silly audit   'events-universal': [ '1.0.1' ],
136 silly audit   'expect-type': [ '1.3.0' ],
136 silly audit   express: [ '4.22.2' ],
136 silly audit   'expressive-code': [ '0.44.0' ],
136 silly audit   extend: [ '3.0.2' ],
136 silly audit   'fast-fifo': [ '1.3.2' ],
136 silly audit   'fast-string-truncated-width': [ '3.0.3' ],
136 silly audit   'fast-string-width': [ '3.0.2' ],
136 silly audit   'fast-wrap-ansi': [ '0.2.2' ],
136 silly audit   'fill-range': [ '7.1.1' ],
136 silly audit   finalhandler: [ '1.3.2' ],
136 silly audit   flattie: [ '1.1.1' ],
136 silly audit   fontace: [ '0.4.1' ],
136 silly audit   fontkitten: [ '1.0.3' ],
136 silly audit   'foreground-child': [ '3.3.1' ],
136 silly audit   forwarded: [ '0.2.0' ],
136 silly audit   fresh: [ '0.5.2' ],
136 silly audit   fsevents: [ '2.3.3' ],
136 silly audit   'function-bind': [ '1.1.2' ],
136 silly audit   'get-intrinsic': [ '1.3.0' ],
136 silly audit   'get-proto': [ '1.0.1' ],
136 silly audit   'get-tsconfig': [ '5.0.0-beta.4' ],
136 silly audit   'github-slugger': [ '2.0.0' ],
136 silly audit   glob: [ '10.5.0' ],
136 silly audit   'glob-parent': [ '5.1.2' ],
136 silly audit   gopd: [ '1.2.0' ],
136 silly audit   'graceful-fs': [ '4.2.11' ],
136 silly audit   h3: [ '1.15.11' ],
136 silly audit   'has-symbols': [ '1.1.0' ],
136 silly audit   hasown: [ '2.0.4' ],
136 silly audit   'hast-util-embedded': [ '3.0.0' ],
136 silly audit   'hast-util-format': [ '1.1.0' ],
136 silly audit   'hast-util-from-html': [ '2.0.3' ],
136 silly audit   'hast-util-from-parse5': [ '8.0.3' ],
136 silly audit   'hast-util-has-property': [ '3.0.0' ],
136 silly audit   'hast-util-is-body-ok-link': [ '3.0.1' ],
136 silly audit   'hast-util-is-element': [ '3.0.0' ],
136 silly audit   'hast-util-minify-whitespace': [ '1.0.1' ],
136 silly audit   'hast-util-parse-selector': [ '4.0.0' ],
136 silly audit   'hast-util-phrasing': [ '3.0.1' ],
136 silly audit   'hast-util-raw': [ '9.1.0' ],
136 silly audit   'hast-util-select': [ '6.0.4' ],
136 silly audit   'hast-util-to-estree': [ '3.1.3' ],
136 silly audit   'hast-util-to-html': [ '9.0.5' ],
136 silly audit   'hast-util-to-jsx-runtime': [ '2.3.6' ],
136 silly audit   'hast-util-to-parse5': [ '8.0.1' ],
136 silly audit   'hast-util-to-string': [ '3.0.1' ],
136 silly audit   'hast-util-to-text': [ '4.0.2' ],
136 silly audit   'hast-util-whitespace': [ '3.0.0' ],
136 silly audit   hastscript: [ '9.0.1' ],
136 silly audit   'html-escaper': [ '3.0.3' ],
136 silly audit   'html-void-elements': [ '3.0.0' ],
136 silly audit   'html-whitespace-sensitive-tag-names': [ '3.0.1' ],
136 silly audit   'http-cache-semantics': [ '4.2.0' ],
136 silly audit   'http-errors': [ '2.0.1' ],
136 silly audit   i18next: [ '26.3.4' ],
136 silly audit   'iconv-lite': [ '0.4.24' ],
136 silly audit   ieee754: [ '1.2.1' ],
136 silly audit   inherits: [ '2.0.4' ],
136 silly audit   'inline-style-parser': [ '0.2.7' ],
136 silly audit   'ipaddr.js': [ '1.9.1' ],
136 silly audit   'iron-webcrypto': [ '1.2.1' ],
136 silly audit   'is-alphabetical': [ '2.0.1' ],
136 silly audit   'is-alphanumerical': [ '2.0.1' ],
136 silly audit   'is-binary-path': [ '2.1.0' ],
136 silly audit   'is-decimal': [ '2.0.1' ],
136 silly audit   'is-docker': [ '4.0.0', '3.0.0' ],
136 silly audit   'is-extglob': [ '2.1.1' ],
136 silly audit   'is-fullwidth-code-point': [ '3.0.0' ],
136 silly audit   'is-glob': [ '4.0.3' ],
136 silly audit   'is-hexadecimal': [ '2.0.1' ],
136 silly audit   'is-inside-container': [ '1.0.0' ],
136 silly audit   'is-number': [ '7.0.0' ],
136 silly audit   'is-plain-obj': [ '4.1.0' ],
136 silly audit   'is-reference': [ '3.0.3' ],
136 silly audit   'is-stream': [ '2.0.1' ],
136 silly audit   'is-wsl': [ '3.1.1' ],
136 silly audit   isarray: [ '1.0.0' ],
136 silly audit   isexe: [ '2.0.0' ],
136 silly audit   jackspeak: [ '3.4.3' ],
136 silly audit   'js-tokens': [ '9.0.1' ],
136 silly audit   'js-yaml': [ '4.3.0' ],
136 silly audit   'jsonc-parser': [ '3.3.1' ],
136 silly audit   klona: [ '2.0.6' ],
136 silly audit   lazystream: [ '1.0.1' ],
136 silly audit   'readable-stream': [ '2.3.8', '4.7.0' ],
136 silly audit   'safe-buffer': [ '5.1.2', '5.2.1' ],
136 silly audit   string_decoder: [ '1.1.1', '1.3.0' ],
136 silly audit   lightningcss: [ '1.32.0' ],
136 silly audit   'lightningcss-android-arm64': [ '1.32.0' ],
136 silly audit   'lightningcss-darwin-arm64': [ '1.32.0' ],
136 silly audit   'lightningcss-darwin-x64': [ '1.32.0' ],
136 silly audit   'lightningcss-freebsd-x64': [ '1.32.0' ],
136 silly audit   'lightningcss-linux-arm-gnueabihf': [ '1.32.0' ],
136 silly audit   'lightningcss-linux-arm64-gnu': [ '1.32.0' ],
136 silly audit   'lightningcss-linux-arm64-musl': [ '1.32.0' ],
136 silly audit   'lightningcss-linux-x64-gnu': [ '1.32.0' ],
136 silly audit   'lightningcss-linux-x64-musl': [ '1.32.0' ],
136 silly audit   'lightningcss-win32-arm64-msvc': [ '1.32.0' ],
136 silly audit   'lightningcss-win32-x64-msvc': [ '1.32.0' ],
136 silly audit   'locate-character': [ '3.0.0' ],
136 silly audit   lodash: [ '4.18.1' ],
136 silly audit   'longest-streak': [ '3.1.0' ],
136 silly audit   loupe: [ '3.2.1' ],
136 silly audit   'lru-cache': [ '10.4.3', '11.5.1' ],
136 silly audit   'lucide-svelte': [ '0.577.0' ],
136 silly audit   'magic-string': [ '0.30.21' ],
136 silly audit   magicast: [ '0.5.3' ],
136 silly audit   'markdown-extensions': [ '2.0.0' ],
136 silly audit   'markdown-table': [ '3.0.4' ],
136 silly audit   'math-intrinsics': [ '1.1.0' ],
136 silly audit   'mdast-util-definitions': [ '6.0.0' ],
136 silly audit   'mdast-util-directive': [ '3.1.0' ],
136 silly audit   'mdast-util-find-and-replace': [ '3.0.2' ],
136 silly audit   'mdast-util-from-markdown': [ '2.0.3' ],
136 silly audit   'mdast-util-gfm': [ '3.1.0' ],
136 silly audit   'mdast-util-gfm-autolink-literal': [ '2.0.1' ],
136 silly audit   'mdast-util-gfm-footnote': [ '2.1.0' ],
136 silly audit   'mdast-util-gfm-strikethrough': [ '2.0.0' ],
136 silly audit   'mdast-util-gfm-table': [ '2.0.0' ],
136 silly audit   'mdast-util-gfm-task-list-item': [ '2.0.0' ],
136 silly audit   'mdast-util-mdx': [ '3.0.0' ],
136 silly audit   'mdast-util-mdx-expression': [ '2.0.1' ],
136 silly audit   'mdast-util-mdx-jsx': [ '3.2.0' ],
136 silly audit   'mdast-util-mdxjs-esm': [ '2.0.1' ],
136 silly audit   'mdast-util-phrasing': [ '4.1.0' ],
136 silly audit   'mdast-util-to-hast': [ '13.2.1' ],
136 silly audit   'mdast-util-to-markdown': [ '2.1.2' ],
136 silly audit   'mdast-util-to-string': [ '4.0.0' ],
136 silly audit   'media-typer': [ '0.3.0' ],
136 silly audit   'merge-descriptors': [ '1.0.3' ],
136 silly audit   methods: [ '1.1.2' ],
136 silly audit   micromark: [ '4.0.2' ],
136 silly audit   'micromark-core-commonmark': [ '2.0.3' ],
136 silly audit   'micromark-extension-directive': [ '4.0.0' ],
136 silly audit   'micromark-extension-gfm': [ '3.0.0' ],
136 silly audit   'micromark-extension-gfm-autolink-literal': [ '2.1.0' ],
136 silly audit   'micromark-extension-gfm-footnote': [ '2.1.0' ],
136 silly audit   'micromark-extension-gfm-strikethrough': [ '2.1.0' ],
136 silly audit   'micromark-extension-gfm-table': [ '2.1.1' ],
136 silly audit   'micromark-extension-gfm-tagfilter': [ '2.0.0' ],
136 silly audit   'micromark-extension-gfm-task-list-item': [ '2.1.0' ],
136 silly audit   'micromark-extension-mdx-expression': [ '3.0.1' ],
136 silly audit   'micromark-extension-mdx-jsx': [ '3.0.2' ],
136 silly audit   'micromark-extension-mdx-md': [ '2.0.0' ],
136 silly audit   'micromark-extension-mdxjs': [ '3.0.0' ],
136 silly audit   'micromark-extension-mdxjs-esm': [ '3.0.0' ],
136 silly audit   'micromark-factory-destination': [ '2.0.1' ],
136 silly audit   'micromark-factory-label': [ '2.0.1' ],
136 silly audit   'micromark-factory-mdx-expression': [ '2.0.3' ],
136 silly audit   'micromark-factory-space': [ '2.0.1' ],
136 silly audit   'micromark-factory-title': [ '2.0.1' ],
136 silly audit   'micromark-factory-whitespace': [ '2.0.1' ],
136 silly audit   'micromark-util-character': [ '2.1.1' ],
136 silly audit   'micromark-util-chunked': [ '2.0.1' ],
136 silly audit   'micromark-util-classify-character': [ '2.0.1' ],
136 silly audit   'micromark-util-combine-extensions': [ '2.0.1' ],
136 silly audit   'micromark-util-decode-numeric-character-reference': [ '2.0.2' ],
136 silly audit   'micromark-util-decode-string': [ '2.0.1' ],
136 silly audit   'micromark-util-encode': [ '2.0.1' ],
136 silly audit   'micromark-util-events-to-acorn': [ '2.0.3' ],
136 silly audit   'micromark-util-html-tag-name': [ '2.0.1' ],
136 silly audit   'micromark-util-normalize-identifier': [ '2.0.1' ],
136 silly audit   'micromark-util-resolve-all': [ '2.0.1' ],
136 silly audit   'micromark-util-sanitize-uri': [ '2.0.1' ],
136 silly audit   'micromark-util-subtokenize': [ '2.1.0' ],
136 silly audit   'micromark-util-symbol': [ '2.0.1' ],
136 silly audit   'micromark-util-types': [ '2.0.2' ],
136 silly audit   ms: [ '2.1.3', '2.0.0' ],
136 silly audit   mime: [ '1.6.0' ],
136 silly audit   'mime-db': [ '1.52.0' ],
136 silly audit   'mime-types': [ '2.1.35' ],
136 silly audit   minimatch: [ '9.0.9', '5.1.9' ],
136 silly audit   minipass: [ '7.1.3' ],
136 silly audit   mrmime: [ '2.0.1' ],
136 silly audit   nanoid: [ '3.3.12' ],
136 silly audit   neotraverse: [ '0.6.18' ],
136 silly audit   'nlcst-to-string': [ '4.0.0' ],
136 silly audit   'node-fetch-native': [ '1.6.7' ],
136 silly audit   'node-mock-http': [ '1.0.4' ],
136 silly audit   'normalize-path': [ '3.0.0' ],
136 silly audit   'nth-check': [ '2.1.1' ],
136 silly audit   'object-assign': [ '4.1.1' ],
136 silly audit   'object-inspect': [ '1.13.4' ],
136 silly audit   obug: [ '2.1.3' ],
136 silly audit   ofetch: [ '1.5.1' ],
136 silly audit   ohash: [ '2.0.11' ],
136 silly audit   'on-finished': [ '2.4.1' ],
136 silly audit   'on-headers': [ '1.1.0' ],
136 silly audit   'oniguruma-parser': [ '0.12.2' ],
136 silly audit   'oniguruma-to-es': [ '4.3.6' ],
136 silly audit   oxlint: [ '1.70.0' ],
136 silly audit   'p-limit': [ '7.3.0' ],
136 silly audit   'p-queue': [ '9.3.1' ],
136 silly audit   'p-timeout': [ '7.0.1' ],
136 silly audit   'package-json-from-dist': [ '1.0.1' ],
136 silly audit   'package-manager-detector': [ '1.7.0' ],
136 silly audit   pagefind: [ '1.5.2' ],
136 silly audit   pako: [ '2.1.0' ],
136 silly audit   'parse-entities': [ '4.0.2' ],
136 silly audit   'parse-latin': [ '7.0.0' ],
136 silly audit   parse5: [ '7.3.0' ],
136 silly audit   parseurl: [ '1.3.3' ],
136 silly audit   'path-browserify': [ '1.0.1' ],
136 silly audit   'path-key': [ '3.1.1' ],
136 silly audit   'path-scurry': [ '1.11.1' ],
136 silly audit   'path-to-regexp': [ '0.1.13' ],
136 silly audit   pathe: [ '2.0.3' ],
136 silly audit   pathval: [ '2.0.1' ],
136 silly audit   periscopic: [ '3.1.0' ],
136 silly audit   piccolore: [ '0.1.3' ],
136 silly audit   picocolors: [ '1.1.1' ],
136 silly audit   postcss: [ '8.5.16' ],
136 silly audit   'postcss-nested': [ '6.2.0' ],
136 silly audit   'postcss-selector-parser': [ '6.1.4' ],
136 silly audit   prismjs: [ '1.30.0' ],
136 silly audit   process: [ '0.11.10' ],
136 silly audit   'process-ancestry': [ '0.1.0' ],
136 silly audit   'process-nextick-args': [ '2.0.1' ],
136 silly audit   'property-information': [ '7.2.0' ],
136 silly audit   'proxy-addr': [ '2.0.7' ],
136 silly audit   qs: [ '6.15.2' ],
136 silly audit   radix3: [ '1.1.2' ],
136 silly audit   'range-parser': [ '1.2.1' ],
136 silly audit   'raw-body': [ '2.5.3' ],
136 silly audit   'readdir-glob': [ '1.1.3' ],
136 silly audit   readdirp: [ '3.6.0', '5.0.0' ],
136 silly audit   'recma-build-jsx': [ '1.0.0' ],
136 silly audit   'recma-jsx': [ '1.0.1' ],
136 silly audit   'recma-parse': [ '1.0.0' ],
136 silly audit   'recma-stringify': [ '1.0.0' ],
136 silly audit   regex: [ '6.1.0' ],
136 silly audit   'regex-recursion': [ '6.0.2' ],
136 silly audit   'regex-utilities': [ '2.3.0' ],
136 silly audit   rehype: [ '13.0.2' ],
136 silly audit   'rehype-expressive-code': [ '0.44.0' ],
136 silly audit   'rehype-format': [ '5.0.1' ],
136 silly audit   'rehype-parse': [ '9.0.1' ],
136 silly audit   'rehype-raw': [ '7.0.0' ],
136 silly audit   'rehype-recma': [ '1.0.0' ],
136 silly audit   'rehype-stringify': [ '10.0.1' ],
136 silly audit   'remark-directive': [ '4.0.0' ],
136 silly audit   'remark-gfm': [ '4.0.1' ],
136 silly audit   'remark-mdx': [ '3.1.1' ],
136 silly audit   'remark-parse': [ '11.0.0' ],
136 silly audit   'remark-rehype': [ '11.1.2' ],
136 silly audit   'remark-smartypants': [ '3.0.2' ],
136 silly audit   'remark-stringify': [ '11.0.0' ],
136 silly audit   'resolve-pkg-maps': [ '1.0.0' ],
136 silly audit   retext: [ '9.0.0' ],
136 silly audit   'retext-latin': [ '4.0.0' ],
136 silly audit   'retext-smartypants': [ '6.2.0' ],
136 silly audit   'retext-stringify': [ '4.0.0' ],
136 silly audit   rolldown: [ '1.1.4' ],
136 silly audit   rollup: [ '4.60.3' ],
136 silly audit   'safer-buffer': [ '2.1.2' ],
136 silly audit   satteri: [ '0.9.4' ],
136 silly audit   sax: [ '1.6.0' ],
136 silly audit   semver: [ '7.8.5' ],
136 silly audit   send: [ '0.19.2' ],
136 silly audit   'serve-static': [ '1.16.3' ],
136 silly audit   setprototypeof: [ '1.2.0' ],
136 silly audit   sharp: [ '0.35.3' ],
136 silly audit   'shebang-command': [ '2.0.0' ],
136 silly audit   'shebang-regex': [ '3.0.0' ],
136 silly audit   shiki: [ '4.3.1' ],
136 silly audit   'side-channel': [ '1.1.1' ],
136 silly audit   'side-channel-list': [ '1.0.1' ],
136 silly audit   'side-channel-map': [ '1.0.1' ],
136 silly audit   'side-channel-weakmap': [ '1.0.2' ],
136 silly audit   siginfo: [ '2.0.0' ],
136 silly audit   'signal-exit': [ '4.1.0' ],
136 silly audit   sisteransi: [ '1.0.5' ],
136 silly audit   sitemap: [ '9.0.1' ],
136 silly audit   'smol-toml': [ '1.7.0' ],
136 silly audit   'source-map': [ '0.7.6' ],
136 silly audit   'source-map-js': [ '1.2.1' ],
136 silly audit   'space-separated-tokens': [ '2.0.2' ],
136 silly audit   stackback: [ '0.0.2' ],
136 silly audit   statuses: [ '2.0.2' ],
136 silly audit   'std-env': [ '3.10.0' ],
136 silly audit   'stream-replace-string': [ '2.0.0' ],
136 silly audit   streamx: [ '2.25.0' ],
136 silly audit   'string-width': [ '5.1.2', '4.2.3' ],
136 silly audit   'strip-ansi': [ '6.0.1', '7.2.0' ],
136 silly audit   'stringify-entities': [ '4.0.4' ],
136 silly audit   'strip-literal': [ '3.1.0' ],
136 silly audit   'style-to-js': [ '1.1.21' ],
136 silly audit   'style-to-object': [ '1.0.14' ],
136 silly audit   svelte: [ '4.2.20' ],
136 silly audit   svgo: [ '4.0.1' ],
136 silly audit   'tar-stream': [ '3.1.8' ],
136 silly audit   teex: [ '1.0.1' ],
136 silly audit   'text-decoder': [ '1.2.7' ],
136 silly audit   'tiny-inflate': [ '1.0.3' ],
136 silly audit   tinybench: [ '2.9.0' ],
136 silly audit   tinyclip: [ '0.1.15' ],
136 silly audit   tinyglobby: [ '0.2.17' ],
136 silly audit   fdir: [ '6.5.0' ],
136 silly audit   tinypool: [ '1.1.1' ],
136 silly audit   tinyrainbow: [ '2.0.0' ],
136 silly audit   tinyspy: [ '4.0.4' ],
136 silly audit   'to-regex-range': [ '5.0.1' ],
136 silly audit   toidentifier: [ '1.0.1' ],
136 silly audit   'trim-lines': [ '3.0.1' ],
136 silly audit   trough: [ '2.2.0' ],
136 silly audit   tslib: [ '2.8.1' ],
136 silly audit   'type-is': [ '1.6.18' ],
136 silly audit   ufo: [ '1.6.4' ],
136 silly audit   ultrahtml: [ '1.6.0' ],
136 silly audit   uncrypto: [ '0.1.3' ],
136 silly audit   'undici-types': [ '7.18.2' ],
136 silly audit   unified: [ '11.0.5' ],
136 silly audit   unifont: [ '0.7.4' ],
136 silly audit   'unist-util-find-after': [ '5.0.0' ],
136 silly audit   'unist-util-is': [ '6.0.1' ],
136 silly audit   'unist-util-modify-children': [ '4.0.0' ],
136 silly audit   'unist-util-position': [ '5.0.0' ],
136 silly audit   'unist-util-position-from-estree': [ '2.0.0' ],
136 silly audit   'unist-util-remove-position': [ '5.0.0' ],
136 silly audit   'unist-util-stringify-position': [ '4.0.0' ],
136 silly audit   'unist-util-visit': [ '5.1.0' ],
136 silly audit   'unist-util-visit-children': [ '3.0.0' ],
136 silly audit   'unist-util-visit-parents': [ '6.0.2' ],
136 silly audit   unpipe: [ '1.0.0' ],
136 silly audit   unstorage: [ '1.17.5' ],
136 silly audit   'url-extras': [ '0.1.0' ],
136 silly audit   'util-deprecate': [ '1.0.2' ],
136 silly audit   'utils-merge': [ '1.0.1' ],
136 silly audit   vary: [ '1.1.2' ],
136 silly audit   vfile: [ '6.0.3' ],
136 silly audit   'vfile-location': [ '5.0.3' ],
136 silly audit   'vfile-message': [ '4.0.3' ],
136 silly audit   'vite-node': [ '3.2.4' ],
136 silly audit   vitefu: [ '1.1.3' ],
136 silly audit   vitest: [ '3.2.6' ],
136 silly audit   'web-namespaces': [ '2.0.1' ],
136 silly audit   which: [ '2.0.2' ],
136 silly audit   'which-pm-runs': [ '1.1.0' ],
136 silly audit   'why-is-node-running': [ '2.3.0' ],
136 silly audit   'wrap-ansi': [ '8.1.0', '7.0.0' ],
136 silly audit   ws: [ '8.21.0' ],
136 silly audit   'xxhash-wasm': [ '1.1.0' ],
136 silly audit   'yargs-parser': [ '22.0.0' ],
136 silly audit   'yocto-queue': [ '1.2.2' ],
136 silly audit   'zip-stream': [ '6.0.1' ],
136 silly audit   zod: [ '4.4.3' ],
136 silly audit   zwitch: [ '2.0.4' ],
136 silly audit   '@ignis/bridge': [ '0.0.0-internal' ],
136 silly audit   '@ignis/bridge-plugin': [ '0.0.0-internal' ],
136 silly audit   '@ignis/server-core': [ '0.0.0-internal' ],
136 silly audit   '@ignis/services': [ '0.0.0-internal' ],
136 silly audit   '@ignis/shim': [ '0.0.0-internal' ],
136 silly audit   '@ignis/ui': [ '0.0.0-internal' ]
136 silly audit }
137 verbose reify failed optional dependency /Users/siliconluo/AZ-DSK-F-012/tmp/ignis-fork/ignis/node_modules/@esbuild/win32-x64
138 silly reify mark deleted [
138 silly reify   '/Users/siliconluo/AZ-DSK-F-012/tmp/ignis-fork/ignis/node_modules/@esbuild/win32-x64'
138 silly reify ]
139 verbose reify failed optional dependency /Users/siliconluo/AZ-DSK-F-012/tmp/ignis-fork/ignis/node_modules/@esbuild/win32-ia32
140 silly reify mark deleted [
140 silly reify   '/Users/siliconluo/AZ-DSK-F-012/tmp/ignis-fork/ignis/node_modules/@esbuild/win32-ia32'
140 silly reify ]
141 verbose reify failed optional dependency /Users/siliconluo/AZ-DSK-F-012/tmp/ignis-fork/ignis/node_modules/@esbuild/win32-arm64
142 silly reify mark deleted [
142 silly reify   '/Users/siliconluo/AZ-DSK-F-012/tmp/ignis-fork/ignis/node_modules/@esbuild/win32-arm64'
142 silly reify ]
143 verbose reify failed optional dependency /Users/siliconluo/AZ-DSK-F-012/tmp/ignis-fork/ignis/node_modules/@esbuild/sunos-x64
144 silly reify mark deleted [
144 silly reify   '/Users/siliconluo/AZ-DSK-F-012/tmp/ignis-fork/ignis/node_modules/@esbuild/sunos-x64'
144 silly reify ]
145 verbose reify failed optional dependency /Users/siliconluo/AZ-DSK-F-012/tmp/ignis-fork/ignis/node_modules/@esbuild/openbsd-x64
146 silly reify mark deleted [
146 silly reify   '/Users/siliconluo/AZ-DSK-F-012/tmp/ignis-fork/ignis/node_modules/@esbuild/openbsd-x64'
146 silly reify ]
147 verbose reify failed optional dependency /Users/siliconluo/AZ-DSK-F-012/tmp/ignis-fork/ignis/node_modules/@esbuild/netbsd-x64
148 silly reify mark deleted [
148 silly reify   '/Users/siliconluo/AZ-DSK-F-012/tmp/ignis-fork/ignis/node_modules/@esbuild/netbsd-x64'
148 silly reify ]
149 verbose reify failed optional dependency /Users/siliconluo/AZ-DSK-F-012/tmp/ignis-fork/ignis/node_modules/@esbuild/linux-x64
150 silly reify mark deleted [
150 silly reify   '/Users/siliconluo/AZ-DSK-F-012/tmp/ignis-fork/ignis/node_modules/@esbuild/linux-x64'
150 silly reify ]
151 verbose reify failed optional dependency /Users/siliconluo/AZ-DSK-F-012/tmp/ignis-fork/ignis/node_modules/@esbuild/linux-s390x
152 silly reify mark deleted [
152 silly reify   '/Users/siliconluo/AZ-DSK-F-012/tmp/ignis-fork/ignis/node_modules/@esbuild/linux-s390x'
152 silly reify ]
153 verbose reify failed optional dependency /Users/siliconluo/AZ-DSK-F-012/tmp/ignis-fork/ignis/node_modules/@esbuild/linux-riscv64
154 silly reify mark deleted [
154 silly reify   '/Users/siliconluo/AZ-DSK-F-012/tmp/ignis-fork/ignis/node_modules/@esbuild/linux-riscv64'
154 silly reify ]
155 verbose reify failed optional dependency /Users/siliconluo/AZ-DSK-F-012/tmp/ignis-fork/ignis/node_modules/@esbuild/linux-ppc64
156 silly reify mark deleted [
156 silly reify   '/Users/siliconluo/AZ-DSK-F-012/tmp/ignis-fork/ignis/node_modules/@esbuild/linux-ppc64'
156 silly reify ]
157 verbose reify failed optional dependency /Users/siliconluo/AZ-DSK-F-012/tmp/ignis-fork/ignis/node_modules/@esbuild/linux-mips64el
158 silly reify mark deleted [
158 silly reify   '/Users/siliconluo/AZ-DSK-F-012/tmp/ignis-fork/ignis/node_modules/@esbuild/linux-mips64el'
158 silly reify ]
159 verbose reify failed optional dependency /Users/siliconluo/AZ-DSK-F-012/tmp/ignis-fork/ignis/node_modules/@esbuild/linux-loong64
160 silly reify mark deleted [
160 silly reify   '/Users/siliconluo/AZ-DSK-F-012/tmp/ignis-fork/ignis/node_modules/@esbuild/linux-loong64'
160 silly reify ]
161 verbose reify failed optional dependency /Users/siliconluo/AZ-DSK-F-012/tmp/ignis-fork/ignis/node_modules/@esbuild/linux-ia32
162 silly reify mark deleted [
162 silly reify   '/Users/siliconluo/AZ-DSK-F-012/tmp/ignis-fork/ignis/node_modules/@esbuild/linux-ia32'
162 silly reify ]
163 verbose reify failed optional dependency /Users/siliconluo/AZ-DSK-F-012/tmp/ignis-fork/ignis/node_modules/@esbuild/linux-arm64
164 silly reify mark deleted [
164 silly reify   '/Users/siliconluo/AZ-DSK-F-012/tmp/ignis-fork/ignis/node_modules/@esbuild/linux-arm64'
164 silly reify ]
165 verbose reify failed optional dependency /Users/siliconluo/AZ-DSK-F-012/tmp/ignis-fork/ignis/node_modules/@esbuild/linux-arm
166 silly reify mark deleted [
166 silly reify   '/Users/siliconluo/AZ-DSK-F-012/tmp/ignis-fork/ignis/node_modules/@esbuild/linux-arm'
166 silly reify ]
167 verbose reify failed optional dependency /Users/siliconluo/AZ-DSK-F-012/tmp/ignis-fork/ignis/node_modules/@esbuild/freebsd-x64
168 silly reify mark deleted [
168 silly reify   '/Users/siliconluo/AZ-DSK-F-012/tmp/ignis-fork/ignis/node_modules/@esbuild/freebsd-x64'
168 silly reify ]
169 verbose reify failed optional dependency /Users/siliconluo/AZ-DSK-F-012/tmp/ignis-fork/ignis/node_modules/@esbuild/freebsd-arm64
170 silly reify mark deleted [
170 silly reify   '/Users/siliconluo/AZ-DSK-F-012/tmp/ignis-fork/ignis/node_modules/@esbuild/freebsd-arm64'
170 silly reify ]
171 verbose reify failed optional dependency /Users/siliconluo/AZ-DSK-F-012/tmp/ignis-fork/ignis/node_modules/@esbuild/darwin-x64
172 silly reify mark deleted [
172 silly reify   '/Users/siliconluo/AZ-DSK-F-012/tmp/ignis-fork/ignis/node_modules/@esbuild/darwin-x64'
172 silly reify ]
173 verbose reify failed optional dependency /Users/siliconluo/AZ-DSK-F-012/tmp/ignis-fork/ignis/node_modules/@esbuild/android-x64
174 silly reify mark deleted [
174 silly reify   '/Users/siliconluo/AZ-DSK-F-012/tmp/ignis-fork/ignis/node_modules/@esbuild/android-x64'
174 silly reify ]
175 verbose reify failed optional dependency /Users/siliconluo/AZ-DSK-F-012/tmp/ignis-fork/ignis/node_modules/@esbuild/android-arm64
176 silly reify mark deleted [
176 silly reify   '/Users/siliconluo/AZ-DSK-F-012/tmp/ignis-fork/ignis/node_modules/@esbuild/android-arm64'
176 silly reify ]
177 verbose reify failed optional dependency /Users/siliconluo/AZ-DSK-F-012/tmp/ignis-fork/ignis/node_modules/@esbuild/android-arm
178 silly reify mark deleted [
178 silly reify   '/Users/siliconluo/AZ-DSK-F-012/tmp/ignis-fork/ignis/node_modules/@esbuild/android-arm'
178 silly reify ]
179 verbose reify failed optional dependency /Users/siliconluo/AZ-DSK-F-012/tmp/ignis-fork/ignis/node_modules/@esbuild/aix-ppc64
180 silly reify mark deleted [
180 silly reify   '/Users/siliconluo/AZ-DSK-F-012/tmp/ignis-fork/ignis/node_modules/@esbuild/aix-ppc64'
180 silly reify ]
181 verbose reify failed optional dependency /Users/siliconluo/AZ-DSK-F-012/tmp/ignis-fork/ignis/node_modules/vite/node_modules/@esbuild/win32-x64
182 silly reify mark deleted [
182 silly reify   '/Users/siliconluo/AZ-DSK-F-012/tmp/ignis-fork/ignis/node_modules/vite/node_modules/@esbuild/win32-x64'
182 silly reify ]
183 verbose reify failed optional dependency /Users/siliconluo/AZ-DSK-F-012/tmp/ignis-fork/ignis/node_modules/vite/node_modules/@esbuild/win32-ia32
184 silly reify mark deleted [
184 silly reify   '/Users/siliconluo/AZ-DSK-F-012/tmp/ignis-fork/ignis/node_modules/vite/node_modules/@esbuild/win32-ia32'
184 silly reify ]
185 verbose reify failed optional dependency /Users/siliconluo/AZ-DSK-F-012/tmp/ignis-fork/ignis/node_modules/vite/node_modules/@esbuild/win32-arm64
186 silly reify mark deleted [
186 silly reify   '/Users/siliconluo/AZ-DSK-F-012/tmp/ignis-fork/ignis/node_modules/vite/node_modules/@esbuild/win32-arm64'
186 silly reify ]
187 verbose reify failed optional dependency /Users/siliconluo/AZ-DSK-F-012/tmp/ignis-fork/ignis/node_modules/vite/node_modules/@esbuild/sunos-x64
188 silly reify mark deleted [
188 silly reify   '/Users/siliconluo/AZ-DSK-F-012/tmp/ignis-fork/ignis/node_modules/vite/node_modules/@esbuild/sunos-x64'
188 silly reify ]
189 verbose reify failed optional dependency /Users/siliconluo/AZ-DSK-F-012/tmp/ignis-fork/ignis/node_modules/vite/node_modules/@esbuild/openbsd-x64
190 silly reify mark deleted [
190 silly reify   '/Users/siliconluo/AZ-DSK-F-012/tmp/ignis-fork/ignis/node_modules/vite/node_modules/@esbuild/openbsd-x64'
190 silly reify ]
191 verbose reify failed optional dependency /Users/siliconluo/AZ-DSK-F-012/tmp/ignis-fork/ignis/node_modules/vite/node_modules/@esbuild/netbsd-x64
192 silly reify mark deleted [
192 silly reify   '/Users/siliconluo/AZ-DSK-F-012/tmp/ignis-fork/ignis/node_modules/vite/node_modules/@esbuild/netbsd-x64'
192 silly reify ]
193 verbose reify failed optional dependency /Users/siliconluo/AZ-DSK-F-012/tmp/ignis-fork/ignis/node_modules/vite/node_modules/@esbuild/linux-x64
194 silly reify mark deleted [
194 silly reify   '/Users/siliconluo/AZ-DSK-F-012/tmp/ignis-fork/ignis/node_modules/vite/node_modules/@esbuild/linux-x64'
194 silly reify ]
195 verbose reify failed optional dependency /Users/siliconluo/AZ-DSK-F-012/tmp/ignis-fork/ignis/node_modules/vite/node_modules/@esbuild/linux-s390x
196 silly reify mark deleted [
196 silly reify   '/Users/siliconluo/AZ-DSK-F-012/tmp/ignis-fork/ignis/node_modules/vite/node_modules/@esbuild/linux-s390x'
196 silly reify ]
197 verbose reify failed optional dependency /Users/siliconluo/AZ-DSK-F-012/tmp/ignis-fork/ignis/node_modules/vite/node_modules/@esbuild/linux-riscv64
198 silly reify mark deleted [
198 silly reify   '/Users/siliconluo/AZ-DSK-F-012/tmp/ignis-fork/ignis/node_modules/vite/node_modules/@esbuild/linux-riscv64'
198 silly reify ]
199 verbose reify failed optional dependency /Users/siliconluo/AZ-DSK-F-012/tmp/ignis-fork/ignis/node_modules/vite/node_modules/@esbuild/linux-ppc64
200 silly reify mark deleted [
200 silly reify   '/Users/siliconluo/AZ-DSK-F-012/tmp/ignis-fork/ignis/node_modules/vite/node_modules/@esbuild/linux-ppc64'
200 silly reify ]
201 verbose reify failed optional dependency /Users/siliconluo/AZ-DSK-F-012/tmp/ignis-fork/ignis/node_modules/vite/node_modules/@esbuild/linux-mips64el
202 silly reify mark deleted [
202 silly reify   '/Users/siliconluo/AZ-DSK-F-012/tmp/ignis-fork/ignis/node_modules/vite/node_modules/@esbuild/linux-mips64el'
202 silly reify ]
203 verbose reify failed optional dependency /Users/siliconluo/AZ-DSK-F-012/tmp/ignis-fork/ignis/node_modules/vite/node_modules/@esbuild/linux-loong64
204 silly reify mark deleted [
204 silly reify   '/Users/siliconluo/AZ-DSK-F-012/tmp/ignis-fork/ignis/node_modules/vite/node_modules/@esbuild/linux-loong64'
204 silly reify ]
205 verbose reify failed optional dependency /Users/siliconluo/AZ-DSK-F-012/tmp/ignis-fork/ignis/node_modules/vite/node_modules/@esbuild/linux-ia32
206 silly reify mark deleted [
206 silly reify   '/Users/siliconluo/AZ-DSK-F-012/tmp/ignis-fork/ignis/node_modules/vite/node_modules/@esbuild/linux-ia32'
206 silly reify ]
207 verbose reify failed optional dependency /Users/siliconluo/AZ-DSK-F-012/tmp/ignis-fork/ignis/node_modules/vite/node_modules/@esbuild/linux-arm64
208 silly reify mark deleted [
208 silly reify   '/Users/siliconluo/AZ-DSK-F-012/tmp/ignis-fork/ignis/node_modules/vite/node_modules/@esbuild/linux-arm64'
208 silly reify ]
209 verbose reify failed optional dependency /Users/siliconluo/AZ-DSK-F-012/tmp/ignis-fork/ignis/node_modules/vite/node_modules/@esbuild/linux-arm
210 silly reify mark deleted [
210 silly reify   '/Users/siliconluo/AZ-DSK-F-012/tmp/ignis-fork/ignis/node_modules/vite/node_modules/@esbuild/linux-arm'
210 silly reify ]
211 verbose reify failed optional dependency /Users/siliconluo/AZ-DSK-F-012/tmp/ignis-fork/ignis/node_modules/vite/node_modules/@esbuild/freebsd-x64
212 silly reify mark deleted [
212 silly reify   '/Users/siliconluo/AZ-DSK-F-012/tmp/ignis-fork/ignis/node_modules/vite/node_modules/@esbuild/freebsd-x64'
212 silly reify ]
213 verbose reify failed optional dependency /Users/siliconluo/AZ-DSK-F-012/tmp/ignis-fork/ignis/node_modules/vite/node_modules/@esbuild/freebsd-arm64
214 silly reify mark deleted [
214 silly reify   '/Users/siliconluo/AZ-DSK-F-012/tmp/ignis-fork/ignis/node_modules/vite/node_modules/@esbuild/freebsd-arm64'
214 silly reify ]
215 verbose reify failed optional dependency /Users/siliconluo/AZ-DSK-F-012/tmp/ignis-fork/ignis/node_modules/vite/node_modules/@esbuild/darwin-x64
216 silly reify mark deleted [
216 silly reify   '/Users/siliconluo/AZ-DSK-F-012/tmp/ignis-fork/ignis/node_modules/vite/node_modules/@esbuild/darwin-x64'
216 silly reify ]
217 verbose reify failed optional dependency /Users/siliconluo/AZ-DSK-F-012/tmp/ignis-fork/ignis/node_modules/vite/node_modules/@esbuild/android-x64
218 silly reify mark deleted [
218 silly reify   '/Users/siliconluo/AZ-DSK-F-012/tmp/ignis-fork/ignis/node_modules/vite/node_modules/@esbuild/android-x64'
218 silly reify ]
219 verbose reify failed optional dependency /Users/siliconluo/AZ-DSK-F-012/tmp/ignis-fork/ignis/node_modules/vite/node_modules/@esbuild/android-arm64
220 silly reify mark deleted [
220 silly reify   '/Users/siliconluo/AZ-DSK-F-012/tmp/ignis-fork/ignis/node_modules/vite/node_modules/@esbuild/android-arm64'
220 silly reify ]
221 verbose reify failed optional dependency /Users/siliconluo/AZ-DSK-F-012/tmp/ignis-fork/ignis/node_modules/vite/node_modules/@esbuild/android-arm
222 silly reify mark deleted [
222 silly reify   '/Users/siliconluo/AZ-DSK-F-012/tmp/ignis-fork/ignis/node_modules/vite/node_modules/@esbuild/android-arm'
222 silly reify ]
223 verbose reify failed optional dependency /Users/siliconluo/AZ-DSK-F-012/tmp/ignis-fork/ignis/node_modules/vite/node_modules/@esbuild/aix-ppc64
224 silly reify mark deleted [
224 silly reify   '/Users/siliconluo/AZ-DSK-F-012/tmp/ignis-fork/ignis/node_modules/vite/node_modules/@esbuild/aix-ppc64'
224 silly reify ]
225 verbose reify failed optional dependency /Users/siliconluo/AZ-DSK-F-012/tmp/ignis-fork/ignis/node_modules/lightningcss-win32-x64-msvc
226 silly reify mark deleted [
226 silly reify   '/Users/siliconluo/AZ-DSK-F-012/tmp/ignis-fork/ignis/node_modules/lightningcss-win32-x64-msvc'
226 silly reify ]
227 verbose reify failed optional dependency /Users/siliconluo/AZ-DSK-F-012/tmp/ignis-fork/ignis/node_modules/lightningcss-win32-arm64-msvc
228 silly reify mark deleted [
228 silly reify   '/Users/siliconluo/AZ-DSK-F-012/tmp/ignis-fork/ignis/node_modules/lightningcss-win32-arm64-msvc'
228 silly reify ]
229 verbose reify failed optional dependency /Users/siliconluo/AZ-DSK-F-012/tmp/ignis-fork/ignis/node_modules/lightningcss-linux-x64-musl
230 silly reify mark deleted [
230 silly reify   '/Users/siliconluo/AZ-DSK-F-012/tmp/ignis-fork/ignis/node_modules/lightningcss-linux-x64-musl'
230 silly reify ]
231 verbose reify failed optional dependency /Users/siliconluo/AZ-DSK-F-012/tmp/ignis-fork/ignis/node_modules/lightningcss-linux-x64-gnu
232 silly reify mark deleted [
232 silly reify   '/Users/siliconluo/AZ-DSK-F-012/tmp/ignis-fork/ignis/node_modules/lightningcss-linux-x64-gnu'
232 silly reify ]
233 verbose reify failed optional dependency /Users/siliconluo/AZ-DSK-F-012/tmp/ignis-fork/ignis/node_modules/lightningcss-linux-arm64-musl
234 silly reify mark deleted [
234 silly reify   '/Users/siliconluo/AZ-DSK-F-012/tmp/ignis-fork/ignis/node_modules/lightningcss-linux-arm64-musl'
234 silly reify ]
235 verbose reify failed optional dependency /Users/siliconluo/AZ-DSK-F-012/tmp/ignis-fork/ignis/node_modules/lightningcss-linux-arm64-gnu
236 silly reify mark deleted [
236 silly reify   '/Users/siliconluo/AZ-DSK-F-012/tmp/ignis-fork/ignis/node_modules/lightningcss-linux-arm64-gnu'
236 silly reify ]
237 verbose reify failed optional dependency /Users/siliconluo/AZ-DSK-F-012/tmp/ignis-fork/ignis/node_modules/lightningcss-linux-arm-gnueabihf
238 silly reify mark deleted [
238 silly reify   '/Users/siliconluo/AZ-DSK-F-012/tmp/ignis-fork/ignis/node_modules/lightningcss-linux-arm-gnueabihf'
238 silly reify ]
239 verbose reify failed optional dependency /Users/siliconluo/AZ-DSK-F-012/tmp/ignis-fork/ignis/node_modules/lightningcss-freebsd-x64
240 silly reify mark deleted [
240 silly reify   '/Users/siliconluo/AZ-DSK-F-012/tmp/ignis-fork/ignis/node_modules/lightningcss-freebsd-x64'
240 silly reify ]
241 verbose reify failed optional dependency /Users/siliconluo/AZ-DSK-F-012/tmp/ignis-fork/ignis/node_modules/lightningcss-darwin-x64
242 silly reify mark deleted [
242 silly reify   '/Users/siliconluo/AZ-DSK-F-012/tmp/ignis-fork/ignis/node_modules/lightningcss-darwin-x64'
242 silly reify ]
243 verbose reify failed optional dependency /Users/siliconluo/AZ-DSK-F-012/tmp/ignis-fork/ignis/node_modules/lightningcss-android-arm64
244 silly reify mark deleted [
244 silly reify   '/Users/siliconluo/AZ-DSK-F-012/tmp/ignis-fork/ignis/node_modules/lightningcss-android-arm64'
244 silly reify ]
245 verbose reify failed optional dependency /Users/siliconluo/AZ-DSK-F-012/tmp/ignis-fork/ignis/node_modules/astro/node_modules/@esbuild/win32-x64
246 silly reify mark deleted [
246 silly reify   '/Users/siliconluo/AZ-DSK-F-012/tmp/ignis-fork/ignis/node_modules/astro/node_modules/@esbuild/win32-x64'
246 silly reify ]
247 verbose reify failed optional dependency /Users/siliconluo/AZ-DSK-F-012/tmp/ignis-fork/ignis/node_modules/astro/node_modules/@esbuild/win32-ia32
248 silly reify mark deleted [
248 silly reify   '/Users/siliconluo/AZ-DSK-F-012/tmp/ignis-fork/ignis/node_modules/astro/node_modules/@esbuild/win32-ia32'
248 silly reify ]
249 verbose reify failed optional dependency /Users/siliconluo/AZ-DSK-F-012/tmp/ignis-fork/ignis/node_modules/astro/node_modules/@esbuild/win32-arm64
250 silly reify mark deleted [
250 silly reify   '/Users/siliconluo/AZ-DSK-F-012/tmp/ignis-fork/ignis/node_modules/astro/node_modules/@esbuild/win32-arm64'
250 silly reify ]
251 verbose reify failed optional dependency /Users/siliconluo/AZ-DSK-F-012/tmp/ignis-fork/ignis/node_modules/astro/node_modules/@esbuild/sunos-x64
252 silly reify mark deleted [
252 silly reify   '/Users/siliconluo/AZ-DSK-F-012/tmp/ignis-fork/ignis/node_modules/astro/node_modules/@esbuild/sunos-x64'
252 silly reify ]
253 verbose reify failed optional dependency /Users/siliconluo/AZ-DSK-F-012/tmp/ignis-fork/ignis/node_modules/astro/node_modules/@esbuild/openharmony-arm64
254 silly reify mark deleted [
254 silly reify   '/Users/siliconluo/AZ-DSK-F-012/tmp/ignis-fork/ignis/node_modules/astro/node_modules/@esbuild/openharmony-arm64'
254 silly reify ]
255 verbose reify failed optional dependency /Users/siliconluo/AZ-DSK-F-012/tmp/ignis-fork/ignis/node_modules/astro/node_modules/@esbuild/openbsd-x64
256 silly reify mark deleted [
256 silly reify   '/Users/siliconluo/AZ-DSK-F-012/tmp/ignis-fork/ignis/node_modules/astro/node_modules/@esbuild/openbsd-x64'
256 silly reify ]
257 verbose reify failed optional dependency /Users/siliconluo/AZ-DSK-F-012/tmp/ignis-fork/ignis/node_modules/astro/node_modules/@esbuild/openbsd-arm64
258 silly reify mark deleted [
258 silly reify   '/Users/siliconluo/AZ-DSK-F-012/tmp/ignis-fork/ignis/node_modules/astro/node_modules/@esbuild/openbsd-arm64'
258 silly reify ]
259 verbose reify failed optional dependency /Users/siliconluo/AZ-DSK-F-012/tmp/ignis-fork/ignis/node_modules/astro/node_modules/@esbuild/netbsd-x64
260 silly reify mark deleted [
260 silly reify   '/Users/siliconluo/AZ-DSK-F-012/tmp/ignis-fork/ignis/node_modules/astro/node_modules/@esbuild/netbsd-x64'
260 silly reify ]
261 verbose reify failed optional dependency /Users/siliconluo/AZ-DSK-F-012/tmp/ignis-fork/ignis/node_modules/astro/node_modules/@esbuild/netbsd-arm64
262 silly reify mark deleted [
262 silly reify   '/Users/siliconluo/AZ-DSK-F-012/tmp/ignis-fork/ignis/node_modules/astro/node_modules/@esbuild/netbsd-arm64'
262 silly reify ]
263 verbose reify failed optional dependency /Users/siliconluo/AZ-DSK-F-012/tmp/ignis-fork/ignis/node_modules/astro/node_modules/@esbuild/linux-x64
264 silly reify mark deleted [
264 silly reify   '/Users/siliconluo/AZ-DSK-F-012/tmp/ignis-fork/ignis/node_modules/astro/node_modules/@esbuild/linux-x64'
264 silly reify ]
265 verbose reify failed optional dependency /Users/siliconluo/AZ-DSK-F-012/tmp/ignis-fork/ignis/node_modules/astro/node_modules/@esbuild/linux-s390x
266 silly reify mark deleted [
266 silly reify   '/Users/siliconluo/AZ-DSK-F-012/tmp/ignis-fork/ignis/node_modules/astro/node_modules/@esbuild/linux-s390x'
266 silly reify ]
267 verbose reify failed optional dependency /Users/siliconluo/AZ-DSK-F-012/tmp/ignis-fork/ignis/node_modules/astro/node_modules/@esbuild/linux-riscv64
268 silly reify mark deleted [
268 silly reify   '/Users/siliconluo/AZ-DSK-F-012/tmp/ignis-fork/ignis/node_modules/astro/node_modules/@esbuild/linux-riscv64'
268 silly reify ]
269 verbose reify failed optional dependency /Users/siliconluo/AZ-DSK-F-012/tmp/ignis-fork/ignis/node_modules/astro/node_modules/@esbuild/linux-ppc64
270 silly reify mark deleted [
270 silly reify   '/Users/siliconluo/AZ-DSK-F-012/tmp/ignis-fork/ignis/node_modules/astro/node_modules/@esbuild/linux-ppc64'
270 silly reify ]
271 verbose reify failed optional dependency /Users/siliconluo/AZ-DSK-F-012/tmp/ignis-fork/ignis/node_modules/astro/node_modules/@esbuild/linux-mips64el
272 silly reify mark deleted [
272 silly reify   '/Users/siliconluo/AZ-DSK-F-012/tmp/ignis-fork/ignis/node_modules/astro/node_modules/@esbuild/linux-mips64el'
272 silly reify ]
273 verbose reify failed optional dependency /Users/siliconluo/AZ-DSK-F-012/tmp/ignis-fork/ignis/node_modules/astro/node_modules/@esbuild/linux-loong64
274 silly reify mark deleted [
274 silly reify   '/Users/siliconluo/AZ-DSK-F-012/tmp/ignis-fork/ignis/node_modules/astro/node_modules/@esbuild/linux-loong64'
274 silly reify ]
275 verbose reify failed optional dependency /Users/siliconluo/AZ-DSK-F-012/tmp/ignis-fork/ignis/node_modules/astro/node_modules/@esbuild/linux-ia32
276 silly reify mark deleted [
276 silly reify   '/Users/siliconluo/AZ-DSK-F-012/tmp/ignis-fork/ignis/node_modules/astro/node_modules/@esbuild/linux-ia32'
276 silly reify ]
277 verbose reify failed optional dependency /Users/siliconluo/AZ-DSK-F-012/tmp/ignis-fork/ignis/node_modules/astro/node_modules/@esbuild/linux-arm64
278 silly reify mark deleted [
278 silly reify   '/Users/siliconluo/AZ-DSK-F-012/tmp/ignis-fork/ignis/node_modules/astro/node_modules/@esbuild/linux-arm64'
278 silly reify ]
279 verbose reify failed optional dependency /Users/siliconluo/AZ-DSK-F-012/tmp/ignis-fork/ignis/node_modules/astro/node_modules/@esbuild/linux-arm
280 silly reify mark deleted [
280 silly reify   '/Users/siliconluo/AZ-DSK-F-012/tmp/ignis-fork/ignis/node_modules/astro/node_modules/@esbuild/linux-arm'
280 silly reify ]
281 verbose reify failed optional dependency /Users/siliconluo/AZ-DSK-F-012/tmp/ignis-fork/ignis/node_modules/astro/node_modules/@esbuild/freebsd-x64
282 silly reify mark deleted [
282 silly reify   '/Users/siliconluo/AZ-DSK-F-012/tmp/ignis-fork/ignis/node_modules/astro/node_modules/@esbuild/freebsd-x64'
282 silly reify ]
283 verbose reify failed optional dependency /Users/siliconluo/AZ-DSK-F-012/tmp/ignis-fork/ignis/node_modules/astro/node_modules/@esbuild/freebsd-arm64
284 silly reify mark deleted [
284 silly reify   '/Users/siliconluo/AZ-DSK-F-012/tmp/ignis-fork/ignis/node_modules/astro/node_modules/@esbuild/freebsd-arm64'
284 silly reify ]
285 verbose reify failed optional dependency /Users/siliconluo/AZ-DSK-F-012/tmp/ignis-fork/ignis/node_modules/astro/node_modules/@esbuild/darwin-x64
286 silly reify mark deleted [
286 silly reify   '/Users/siliconluo/AZ-DSK-F-012/tmp/ignis-fork/ignis/node_modules/astro/node_modules/@esbuild/darwin-x64'
286 silly reify ]
287 verbose reify failed optional dependency /Users/siliconluo/AZ-DSK-F-012/tmp/ignis-fork/ignis/node_modules/astro/node_modules/@esbuild/android-x64
288 silly reify mark deleted [
288 silly reify   '/Users/siliconluo/AZ-DSK-F-012/tmp/ignis-fork/ignis/node_modules/astro/node_modules/@esbuild/android-x64'
288 silly reify ]
289 verbose reify failed optional dependency /Users/siliconluo/AZ-DSK-F-012/tmp/ignis-fork/ignis/node_modules/astro/node_modules/@esbuild/android-arm64
290 silly reify mark deleted [
290 silly reify   '/Users/siliconluo/AZ-DSK-F-012/tmp/ignis-fork/ignis/node_modules/astro/node_modules/@esbuild/android-arm64'
290 silly reify ]
291 verbose reify failed optional dependency /Users/siliconluo/AZ-DSK-F-012/tmp/ignis-fork/ignis/node_modules/astro/node_modules/@esbuild/android-arm
292 silly reify mark deleted [
292 silly reify   '/Users/siliconluo/AZ-DSK-F-012/tmp/ignis-fork/ignis/node_modules/astro/node_modules/@esbuild/android-arm'
292 silly reify ]
293 verbose reify failed optional dependency /Users/siliconluo/AZ-DSK-F-012/tmp/ignis-fork/ignis/node_modules/astro/node_modules/@esbuild/aix-ppc64
294 silly reify mark deleted [
294 silly reify   '/Users/siliconluo/AZ-DSK-F-012/tmp/ignis-fork/ignis/node_modules/astro/node_modules/@esbuild/aix-ppc64'
294 silly reify ]
295 verbose reify failed optional dependency /Users/siliconluo/AZ-DSK-F-012/tmp/ignis-fork/ignis/node_modules/@rollup/rollup-win32-x64-msvc
296 silly reify mark deleted [
296 silly reify   '/Users/siliconluo/AZ-DSK-F-012/tmp/ignis-fork/ignis/node_modules/@rollup/rollup-win32-x64-msvc'
296 silly reify ]
297 verbose reify failed optional dependency /Users/siliconluo/AZ-DSK-F-012/tmp/ignis-fork/ignis/node_modules/@rollup/rollup-win32-x64-gnu
298 silly reify mark deleted [
298 silly reify   '/Users/siliconluo/AZ-DSK-F-012/tmp/ignis-fork/ignis/node_modules/@rollup/rollup-win32-x64-gnu'
298 silly reify ]
299 verbose reify failed optional dependency /Users/siliconluo/AZ-DSK-F-012/tmp/ignis-fork/ignis/node_modules/@rollup/rollup-win32-ia32-msvc
300 silly reify mark deleted [
300 silly reify   '/Users/siliconluo/AZ-DSK-F-012/tmp/ignis-fork/ignis/node_modules/@rollup/rollup-win32-ia32-msvc'
300 silly reify ]
301 verbose reify failed optional dependency /Users/siliconluo/AZ-DSK-F-012/tmp/ignis-fork/ignis/node_modules/@rollup/rollup-win32-arm64-msvc
302 silly reify mark deleted [
302 silly reify   '/Users/siliconluo/AZ-DSK-F-012/tmp/ignis-fork/ignis/node_modules/@rollup/rollup-win32-arm64-msvc'
302 silly reify ]
303 verbose reify failed optional dependency /Users/siliconluo/AZ-DSK-F-012/tmp/ignis-fork/ignis/node_modules/@rollup/rollup-openharmony-arm64
304 silly reify mark deleted [
304 silly reify   '/Users/siliconluo/AZ-DSK-F-012/tmp/ignis-fork/ignis/node_modules/@rollup/rollup-openharmony-arm64'
304 silly reify ]
305 verbose reify failed optional dependency /Users/siliconluo/AZ-DSK-F-012/tmp/ignis-fork/ignis/node_modules/@rollup/rollup-openbsd-x64
306 silly reify mark deleted [
306 silly reify   '/Users/siliconluo/AZ-DSK-F-012/tmp/ignis-fork/ignis/node_modules/@rollup/rollup-openbsd-x64'
306 silly reify ]
307 verbose reify failed optional dependency /Users/siliconluo/AZ-DSK-F-012/tmp/ignis-fork/ignis/node_modules/@rollup/rollup-linux-x64-musl
308 silly reify mark deleted [
308 silly reify   '/Users/siliconluo/AZ-DSK-F-012/tmp/ignis-fork/ignis/node_modules/@rollup/rollup-linux-x64-musl'
308 silly reify ]
309 verbose reify failed optional dependency /Users/siliconluo/AZ-DSK-F-012/tmp/ignis-fork/ignis/node_modules/@rollup/rollup-linux-x64-gnu
310 silly reify mark deleted [
310 silly reify   '/Users/siliconluo/AZ-DSK-F-012/tmp/ignis-fork/ignis/node_modules/@rollup/rollup-linux-x64-gnu'
310 silly reify ]
311 verbose reify failed optional dependency /Users/siliconluo/AZ-DSK-F-012/tmp/ignis-fork/ignis/node_modules/@rollup/rollup-linux-s390x-gnu
312 silly reify mark deleted [
312 silly reify   '/Users/siliconluo/AZ-DSK-F-012/tmp/ignis-fork/ignis/node_modules/@rollup/rollup-linux-s390x-gnu'
312 silly reify ]
313 verbose reify failed optional dependency /Users/siliconluo/AZ-DSK-F-012/tmp/ignis-fork/ignis/node_modules/@rollup/rollup-linux-riscv64-musl
314 silly reify mark deleted [
314 silly reify   '/Users/siliconluo/AZ-DSK-F-012/tmp/ignis-fork/ignis/node_modules/@rollup/rollup-linux-riscv64-musl'
314 silly reify ]
315 verbose reify failed optional dependency /Users/siliconluo/AZ-DSK-F-012/tmp/ignis-fork/ignis/node_modules/@rollup/rollup-linux-riscv64-gnu
316 silly reify mark deleted [
316 silly reify   '/Users/siliconluo/AZ-DSK-F-012/tmp/ignis-fork/ignis/node_modules/@rollup/rollup-linux-riscv64-gnu'
316 silly reify ]
317 verbose reify failed optional dependency /Users/siliconluo/AZ-DSK-F-012/tmp/ignis-fork/ignis/node_modules/@rollup/rollup-linux-ppc64-musl
318 silly reify mark deleted [
318 silly reify   '/Users/siliconluo/AZ-DSK-F-012/tmp/ignis-fork/ignis/node_modules/@rollup/rollup-linux-ppc64-musl'
318 silly reify ]
319 verbose reify failed optional dependency /Users/siliconluo/AZ-DSK-F-012/tmp/ignis-fork/ignis/node_modules/@rollup/rollup-linux-ppc64-gnu
320 silly reify mark deleted [
320 silly reify   '/Users/siliconluo/AZ-DSK-F-012/tmp/ignis-fork/ignis/node_modules/@rollup/rollup-linux-ppc64-gnu'
320 silly reify ]
321 verbose reify failed optional dependency /Users/siliconluo/AZ-DSK-F-012/tmp/ignis-fork/ignis/node_modules/@rollup/rollup-linux-loong64-musl
322 silly reify mark deleted [
322 silly reify   '/Users/siliconluo/AZ-DSK-F-012/tmp/ignis-fork/ignis/node_modules/@rollup/rollup-linux-loong64-musl'
322 silly reify ]
323 verbose reify failed optional dependency /Users/siliconluo/AZ-DSK-F-012/tmp/ignis-fork/ignis/node_modules/@rollup/rollup-linux-loong64-gnu
324 silly reify mark deleted [
324 silly reify   '/Users/siliconluo/AZ-DSK-F-012/tmp/ignis-fork/ignis/node_modules/@rollup/rollup-linux-loong64-gnu'
324 silly reify ]
325 verbose reify failed optional dependency /Users/siliconluo/AZ-DSK-F-012/tmp/ignis-fork/ignis/node_modules/@rollup/rollup-linux-arm64-musl
326 silly reify mark deleted [
326 silly reify   '/Users/siliconluo/AZ-DSK-F-012/tmp/ignis-fork/ignis/node_modules/@rollup/rollup-linux-arm64-musl'
326 silly reify ]
327 verbose reify failed optional dependency /Users/siliconluo/AZ-DSK-F-012/tmp/ignis-fork/ignis/node_modules/@rollup/rollup-linux-arm64-gnu
328 silly reify mark deleted [
328 silly reify   '/Users/siliconluo/AZ-DSK-F-012/tmp/ignis-fork/ignis/node_modules/@rollup/rollup-linux-arm64-gnu'
328 silly reify ]
329 verbose reify failed optional dependency /Users/siliconluo/AZ-DSK-F-012/tmp/ignis-fork/ignis/node_modules/@rollup/rollup-linux-arm-musleabihf
330 silly reify mark deleted [
330 silly reify   '/Users/siliconluo/AZ-DSK-F-012/tmp/ignis-fork/ignis/node_modules/@rollup/rollup-linux-arm-musleabihf'
330 silly reify ]
331 verbose reify failed optional dependency /Users/siliconluo/AZ-DSK-F-012/tmp/ignis-fork/ignis/node_modules/@rollup/rollup-linux-arm-gnueabihf
332 silly reify mark deleted [
332 silly reify   '/Users/siliconluo/AZ-DSK-F-012/tmp/ignis-fork/ignis/node_modules/@rollup/rollup-linux-arm-gnueabihf'
332 silly reify ]
333 verbose reify failed optional dependency /Users/siliconluo/AZ-DSK-F-012/tmp/ignis-fork/ignis/node_modules/@rollup/rollup-freebsd-x64
334 silly reify mark deleted [
334 silly reify   '/Users/siliconluo/AZ-DSK-F-012/tmp/ignis-fork/ignis/node_modules/@rollup/rollup-freebsd-x64'
334 silly reify ]
335 verbose reify failed optional dependency /Users/siliconluo/AZ-DSK-F-012/tmp/ignis-fork/ignis/node_modules/@rollup/rollup-freebsd-arm64
336 silly reify mark deleted [
336 silly reify   '/Users/siliconluo/AZ-DSK-F-012/tmp/ignis-fork/ignis/node_modules/@rollup/rollup-freebsd-arm64'
336 silly reify ]
337 verbose reify failed optional dependency /Users/siliconluo/AZ-DSK-F-012/tmp/ignis-fork/ignis/node_modules/@rollup/rollup-darwin-x64
338 silly reify mark deleted [
338 silly reify   '/Users/siliconluo/AZ-DSK-F-012/tmp/ignis-fork/ignis/node_modules/@rollup/rollup-darwin-x64'
338 silly reify ]
339 verbose reify failed optional dependency /Users/siliconluo/AZ-DSK-F-012/tmp/ignis-fork/ignis/node_modules/@rollup/rollup-android-arm64
340 silly reify mark deleted [
340 silly reify   '/Users/siliconluo/AZ-DSK-F-012/tmp/ignis-fork/ignis/node_modules/@rollup/rollup-android-arm64'
340 silly reify ]
341 verbose reify failed optional dependency /Users/siliconluo/AZ-DSK-F-012/tmp/ignis-fork/ignis/node_modules/@rollup/rollup-android-arm-eabi
342 silly reify mark deleted [
342 silly reify   '/Users/siliconluo/AZ-DSK-F-012/tmp/ignis-fork/ignis/node_modules/@rollup/rollup-android-arm-eabi'
342 silly reify ]
343 verbose reify failed optional dependency /Users/siliconluo/AZ-DSK-F-012/tmp/ignis-fork/ignis/node_modules/@rolldown/binding-win32-x64-msvc
344 silly reify mark deleted [
344 silly reify   '/Users/siliconluo/AZ-DSK-F-012/tmp/ignis-fork/ignis/node_modules/@rolldown/binding-win32-x64-msvc'
344 silly reify ]
345 verbose reify failed optional dependency /Users/siliconluo/AZ-DSK-F-012/tmp/ignis-fork/ignis/node_modules/@rolldown/binding-win32-arm64-msvc
346 silly reify mark deleted [
346 silly reify   '/Users/siliconluo/AZ-DSK-F-012/tmp/ignis-fork/ignis/node_modules/@rolldown/binding-win32-arm64-msvc'
346 silly reify ]
347 verbose reify failed optional dependency /Users/siliconluo/AZ-DSK-F-012/tmp/ignis-fork/ignis/node_modules/@rolldown/binding-wasm32-wasi
348 silly reify mark deleted [
348 silly reify   '/Users/siliconluo/AZ-DSK-F-012/tmp/ignis-fork/ignis/node_modules/@rolldown/binding-wasm32-wasi'
348 silly reify ]
349 verbose reify failed optional dependency /Users/siliconluo/AZ-DSK-F-012/tmp/ignis-fork/ignis/node_modules/@rolldown/binding-wasm32-wasi/node_modules/@emnapi/core
350 silly reify mark deleted [
350 silly reify   '/Users/siliconluo/AZ-DSK-F-012/tmp/ignis-fork/ignis/node_modules/@rolldown/binding-wasm32-wasi/node_modules/@emnapi/core'
350 silly reify ]
351 verbose reify failed optional dependency /Users/siliconluo/AZ-DSK-F-012/tmp/ignis-fork/ignis/node_modules/@rolldown/binding-wasm32-wasi/node_modules/@emnapi/runtime
352 silly reify mark deleted [
352 silly reify   '/Users/siliconluo/AZ-DSK-F-012/tmp/ignis-fork/ignis/node_modules/@rolldown/binding-wasm32-wasi/node_modules/@emnapi/runtime'
352 silly reify ]
353 verbose reify failed optional dependency /Users/siliconluo/AZ-DSK-F-012/tmp/ignis-fork/ignis/node_modules/@rolldown/binding-openharmony-arm64
354 silly reify mark deleted [
354 silly reify   '/Users/siliconluo/AZ-DSK-F-012/tmp/ignis-fork/ignis/node_modules/@rolldown/binding-openharmony-arm64'
354 silly reify ]
355 verbose reify failed optional dependency /Users/siliconluo/AZ-DSK-F-012/tmp/ignis-fork/ignis/node_modules/@rolldown/binding-linux-x64-musl
356 silly reify mark deleted [
356 silly reify   '/Users/siliconluo/AZ-DSK-F-012/tmp/ignis-fork/ignis/node_modules/@rolldown/binding-linux-x64-musl'
356 silly reify ]
357 verbose reify failed optional dependency /Users/siliconluo/AZ-DSK-F-012/tmp/ignis-fork/ignis/node_modules/@rolldown/binding-linux-x64-gnu
358 silly reify mark deleted [
358 silly reify   '/Users/siliconluo/AZ-DSK-F-012/tmp/ignis-fork/ignis/node_modules/@rolldown/binding-linux-x64-gnu'
358 silly reify ]
359 verbose reify failed optional dependency /Users/siliconluo/AZ-DSK-F-012/tmp/ignis-fork/ignis/node_modules/@rolldown/binding-linux-s390x-gnu
360 silly reify mark deleted [
360 silly reify   '/Users/siliconluo/AZ-DSK-F-012/tmp/ignis-fork/ignis/node_modules/@rolldown/binding-linux-s390x-gnu'
360 silly reify ]
361 verbose reify failed optional dependency /Users/siliconluo/AZ-DSK-F-012/tmp/ignis-fork/ignis/node_modules/@rolldown/binding-linux-ppc64-gnu
362 silly reify mark deleted [
362 silly reify   '/Users/siliconluo/AZ-DSK-F-012/tmp/ignis-fork/ignis/node_modules/@rolldown/binding-linux-ppc64-gnu'
362 silly reify ]
363 verbose reify failed optional dependency /Users/siliconluo/AZ-DSK-F-012/tmp/ignis-fork/ignis/node_modules/@rolldown/binding-linux-arm64-musl
364 silly reify mark deleted [
364 silly reify   '/Users/siliconluo/AZ-DSK-F-012/tmp/ignis-fork/ignis/node_modules/@rolldown/binding-linux-arm64-musl'
364 silly reify ]
365 verbose reify failed optional dependency /Users/siliconluo/AZ-DSK-F-012/tmp/ignis-fork/ignis/node_modules/@rolldown/binding-linux-arm64-gnu
366 silly reify mark deleted [
366 silly reify   '/Users/siliconluo/AZ-DSK-F-012/tmp/ignis-fork/ignis/node_modules/@rolldown/binding-linux-arm64-gnu'
366 silly reify ]
367 verbose reify failed optional dependency /Users/siliconluo/AZ-DSK-F-012/tmp/ignis-fork/ignis/node_modules/@rolldown/binding-linux-arm-gnueabihf
368 silly reify mark deleted [
368 silly reify   '/Users/siliconluo/AZ-DSK-F-012/tmp/ignis-fork/ignis/node_modules/@rolldown/binding-linux-arm-gnueabihf'
368 silly reify ]
369 verbose reify failed optional dependency /Users/siliconluo/AZ-DSK-F-012/tmp/ignis-fork/ignis/node_modules/@rolldown/binding-freebsd-x64
370 silly reify mark deleted [
370 silly reify   '/Users/siliconluo/AZ-DSK-F-012/tmp/ignis-fork/ignis/node_modules/@rolldown/binding-freebsd-x64'
370 silly reify ]
371 verbose reify failed optional dependency /Users/siliconluo/AZ-DSK-F-012/tmp/ignis-fork/ignis/node_modules/@rolldown/binding-darwin-x64
372 silly reify mark deleted [
372 silly reify   '/Users/siliconluo/AZ-DSK-F-012/tmp/ignis-fork/ignis/node_modules/@rolldown/binding-darwin-x64'
372 silly reify ]
373 verbose reify failed optional dependency /Users/siliconluo/AZ-DSK-F-012/tmp/ignis-fork/ignis/node_modules/@rolldown/binding-android-arm64
374 silly reify mark deleted [
374 silly reify   '/Users/siliconluo/AZ-DSK-F-012/tmp/ignis-fork/ignis/node_modules/@rolldown/binding-android-arm64'
374 silly reify ]
375 verbose reify failed optional dependency /Users/siliconluo/AZ-DSK-F-012/tmp/ignis-fork/ignis/node_modules/@pagefind/windows-x64
376 silly reify mark deleted [
376 silly reify   '/Users/siliconluo/AZ-DSK-F-012/tmp/ignis-fork/ignis/node_modules/@pagefind/windows-x64'
376 silly reify ]
377 verbose reify failed optional dependency /Users/siliconluo/AZ-DSK-F-012/tmp/ignis-fork/ignis/node_modules/@pagefind/windows-arm64
378 silly reify mark deleted [
378 silly reify   '/Users/siliconluo/AZ-DSK-F-012/tmp/ignis-fork/ignis/node_modules/@pagefind/windows-arm64'
378 silly reify ]
379 verbose reify failed optional dependency /Users/siliconluo/AZ-DSK-F-012/tmp/ignis-fork/ignis/node_modules/@pagefind/linux-x64
380 silly reify mark deleted [
380 silly reify   '/Users/siliconluo/AZ-DSK-F-012/tmp/ignis-fork/ignis/node_modules/@pagefind/linux-x64'
380 silly reify ]
381 verbose reify failed optional dependency /Users/siliconluo/AZ-DSK-F-012/tmp/ignis-fork/ignis/node_modules/@pagefind/linux-arm64
382 silly reify mark deleted [
382 silly reify   '/Users/siliconluo/AZ-DSK-F-012/tmp/ignis-fork/ignis/node_modules/@pagefind/linux-arm64'
382 silly reify ]
383 verbose reify failed optional dependency /Users/siliconluo/AZ-DSK-F-012/tmp/ignis-fork/ignis/node_modules/@pagefind/freebsd-x64
384 silly reify mark deleted [
384 silly reify   '/Users/siliconluo/AZ-DSK-F-012/tmp/ignis-fork/ignis/node_modules/@pagefind/freebsd-x64'
384 silly reify ]
385 verbose reify failed optional dependency /Users/siliconluo/AZ-DSK-F-012/tmp/ignis-fork/ignis/node_modules/@pagefind/darwin-x64
386 silly reify mark deleted [
386 silly reify   '/Users/siliconluo/AZ-DSK-F-012/tmp/ignis-fork/ignis/node_modules/@pagefind/darwin-x64'
386 silly reify ]
387 verbose reify failed optional dependency /Users/siliconluo/AZ-DSK-F-012/tmp/ignis-fork/ignis/node_modules/@oxlint/binding-win32-x64-msvc
388 silly reify mark deleted [
388 silly reify   '/Users/siliconluo/AZ-DSK-F-012/tmp/ignis-fork/ignis/node_modules/@oxlint/binding-win32-x64-msvc'
388 silly reify ]
389 verbose reify failed optional dependency /Users/siliconluo/AZ-DSK-F-012/tmp/ignis-fork/ignis/node_modules/@oxlint/binding-win32-ia32-msvc
390 silly reify mark deleted [
390 silly reify   '/Users/siliconluo/AZ-DSK-F-012/tmp/ignis-fork/ignis/node_modules/@oxlint/binding-win32-ia32-msvc'
390 silly reify ]
391 verbose reify failed optional dependency /Users/siliconluo/AZ-DSK-F-012/tmp/ignis-fork/ignis/node_modules/@oxlint/binding-win32-arm64-msvc
392 silly reify mark deleted [
392 silly reify   '/Users/siliconluo/AZ-DSK-F-012/tmp/ignis-fork/ignis/node_modules/@oxlint/binding-win32-arm64-msvc'
392 silly reify ]
393 verbose reify failed optional dependency /Users/siliconluo/AZ-DSK-F-012/tmp/ignis-fork/ignis/node_modules/@oxlint/binding-openharmony-arm64
394 silly reify mark deleted [
394 silly reify   '/Users/siliconluo/AZ-DSK-F-012/tmp/ignis-fork/ignis/node_modules/@oxlint/binding-openharmony-arm64'
394 silly reify ]
395 verbose reify failed optional dependency /Users/siliconluo/AZ-DSK-F-012/tmp/ignis-fork/ignis/node_modules/@oxlint/binding-linux-x64-musl
396 silly reify mark deleted [
396 silly reify   '/Users/siliconluo/AZ-DSK-F-012/tmp/ignis-fork/ignis/node_modules/@oxlint/binding-linux-x64-musl'
396 silly reify ]
397 verbose reify failed optional dependency /Users/siliconluo/AZ-DSK-F-012/tmp/ignis-fork/ignis/node_modules/@oxlint/binding-linux-x64-gnu
398 silly reify mark deleted [
398 silly reify   '/Users/siliconluo/AZ-DSK-F-012/tmp/ignis-fork/ignis/node_modules/@oxlint/binding-linux-x64-gnu'
398 silly reify ]
399 verbose reify failed optional dependency /Users/siliconluo/AZ-DSK-F-012/tmp/ignis-fork/ignis/node_modules/@oxlint/binding-linux-s390x-gnu
400 silly reify mark deleted [
400 silly reify   '/Users/siliconluo/AZ-DSK-F-012/tmp/ignis-fork/ignis/node_modules/@oxlint/binding-linux-s390x-gnu'
400 silly reify ]
401 verbose reify failed optional dependency /Users/siliconluo/AZ-DSK-F-012/tmp/ignis-fork/ignis/node_modules/@oxlint/binding-linux-riscv64-musl
402 silly reify mark deleted [
402 silly reify   '/Users/siliconluo/AZ-DSK-F-012/tmp/ignis-fork/ignis/node_modules/@oxlint/binding-linux-riscv64-musl'
402 silly reify ]
403 verbose reify failed optional dependency /Users/siliconluo/AZ-DSK-F-012/tmp/ignis-fork/ignis/node_modules/@oxlint/binding-linux-riscv64-gnu
404 silly reify mark deleted [
404 silly reify   '/Users/siliconluo/AZ-DSK-F-012/tmp/ignis-fork/ignis/node_modules/@oxlint/binding-linux-riscv64-gnu'
404 silly reify ]
405 verbose reify failed optional dependency /Users/siliconluo/AZ-DSK-F-012/tmp/ignis-fork/ignis/node_modules/@oxlint/binding-linux-ppc64-gnu
406 silly reify mark deleted [
406 silly reify   '/Users/siliconluo/AZ-DSK-F-012/tmp/ignis-fork/ignis/node_modules/@oxlint/binding-linux-ppc64-gnu'
406 silly reify ]
407 verbose reify failed optional dependency /Users/siliconluo/AZ-DSK-F-012/tmp/ignis-fork/ignis/node_modules/@oxlint/binding-linux-arm64-musl
408 silly reify mark deleted [
408 silly reify   '/Users/siliconluo/AZ-DSK-F-012/tmp/ignis-fork/ignis/node_modules/@oxlint/binding-linux-arm64-musl'
408 silly reify ]
409 verbose reify failed optional dependency /Users/siliconluo/AZ-DSK-F-012/tmp/ignis-fork/ignis/node_modules/@oxlint/binding-linux-arm64-gnu
410 silly reify mark deleted [
410 silly reify   '/Users/siliconluo/AZ-DSK-F-012/tmp/ignis-fork/ignis/node_modules/@oxlint/binding-linux-arm64-gnu'
410 silly reify ]
411 verbose reify failed optional dependency /Users/siliconluo/AZ-DSK-F-012/tmp/ignis-fork/ignis/node_modules/@oxlint/binding-linux-arm-musleabihf
412 silly reify mark deleted [
412 silly reify   '/Users/siliconluo/AZ-DSK-F-012/tmp/ignis-fork/ignis/node_modules/@oxlint/binding-linux-arm-musleabihf'
412 silly reify ]
413 verbose reify failed optional dependency /Users/siliconluo/AZ-DSK-F-012/tmp/ignis-fork/ignis/node_modules/@oxlint/binding-linux-arm-gnueabihf
414 silly reify mark deleted [
414 silly reify   '/Users/siliconluo/AZ-DSK-F-012/tmp/ignis-fork/ignis/node_modules/@oxlint/binding-linux-arm-gnueabihf'
414 silly reify ]
415 verbose reify failed optional dependency /Users/siliconluo/AZ-DSK-F-012/tmp/ignis-fork/ignis/node_modules/@oxlint/binding-freebsd-x64
416 silly reify mark deleted [
416 silly reify   '/Users/siliconluo/AZ-DSK-F-012/tmp/ignis-fork/ignis/node_modules/@oxlint/binding-freebsd-x64'
416 silly reify ]
417 verbose reify failed optional dependency /Users/siliconluo/AZ-DSK-F-012/tmp/ignis-fork/ignis/node_modules/@oxlint/binding-darwin-x64
418 silly reify mark deleted [
418 silly reify   '/Users/siliconluo/AZ-DSK-F-012/tmp/ignis-fork/ignis/node_modules/@oxlint/binding-darwin-x64'
418 silly reify ]
419 verbose reify failed optional dependency /Users/siliconluo/AZ-DSK-F-012/tmp/ignis-fork/ignis/node_modules/@oxlint/binding-android-arm64
420 silly reify mark deleted [
420 silly reify   '/Users/siliconluo/AZ-DSK-F-012/tmp/ignis-fork/ignis/node_modules/@oxlint/binding-android-arm64'
420 silly reify ]
421 verbose reify failed optional dependency /Users/siliconluo/AZ-DSK-F-012/tmp/ignis-fork/ignis/node_modules/@oxlint/binding-android-arm-eabi
422 silly reify mark deleted [
422 silly reify   '/Users/siliconluo/AZ-DSK-F-012/tmp/ignis-fork/ignis/node_modules/@oxlint/binding-android-arm-eabi'
422 silly reify ]
423 verbose reify failed optional dependency /Users/siliconluo/AZ-DSK-F-012/tmp/ignis-fork/ignis/node_modules/@img/sharp-win32-x64
424 silly reify mark deleted [
424 silly reify   '/Users/siliconluo/AZ-DSK-F-012/tmp/ignis-fork/ignis/node_modules/@img/sharp-win32-x64'
424 silly reify ]
425 verbose reify failed optional dependency /Users/siliconluo/AZ-DSK-F-012/tmp/ignis-fork/ignis/node_modules/@img/sharp-win32-ia32
426 silly reify mark deleted [
426 silly reify   '/Users/siliconluo/AZ-DSK-F-012/tmp/ignis-fork/ignis/node_modules/@img/sharp-win32-ia32'
426 silly reify ]
427 verbose reify failed optional dependency /Users/siliconluo/AZ-DSK-F-012/tmp/ignis-fork/ignis/node_modules/@img/sharp-win32-arm64
428 silly reify mark deleted [
428 silly reify   '/Users/siliconluo/AZ-DSK-F-012/tmp/ignis-fork/ignis/node_modules/@img/sharp-win32-arm64'
428 silly reify ]
429 verbose reify failed optional dependency /Users/siliconluo/AZ-DSK-F-012/tmp/ignis-fork/ignis/node_modules/@img/sharp-webcontainers-wasm32
430 silly reify mark deleted [
430 silly reify   '/Users/siliconluo/AZ-DSK-F-012/tmp/ignis-fork/ignis/node_modules/@img/sharp-webcontainers-wasm32'
430 silly reify ]
431 verbose reify failed optional dependency /Users/siliconluo/AZ-DSK-F-012/tmp/ignis-fork/ignis/node_modules/@img/sharp-linuxmusl-x64
432 silly reify mark deleted [
432 silly reify   '/Users/siliconluo/AZ-DSK-F-012/tmp/ignis-fork/ignis/node_modules/@img/sharp-linuxmusl-x64'
432 silly reify ]
433 verbose reify failed optional dependency /Users/siliconluo/AZ-DSK-F-012/tmp/ignis-fork/ignis/node_modules/@img/sharp-linuxmusl-arm64
434 silly reify mark deleted [
434 silly reify   '/Users/siliconluo/AZ-DSK-F-012/tmp/ignis-fork/ignis/node_modules/@img/sharp-linuxmusl-arm64'
434 silly reify ]
435 verbose reify failed optional dependency /Users/siliconluo/AZ-DSK-F-012/tmp/ignis-fork/ignis/node_modules/@img/sharp-linux-x64
436 silly reify mark deleted [
436 silly reify   '/Users/siliconluo/AZ-DSK-F-012/tmp/ignis-fork/ignis/node_modules/@img/sharp-linux-x64'
436 silly reify ]
437 verbose reify failed optional dependency /Users/siliconluo/AZ-DSK-F-012/tmp/ignis-fork/ignis/node_modules/@img/sharp-linux-s390x
438 silly reify mark deleted [
438 silly reify   '/Users/siliconluo/AZ-DSK-F-012/tmp/ignis-fork/ignis/node_modules/@img/sharp-linux-s390x'
438 silly reify ]
439 verbose reify failed optional dependency /Users/siliconluo/AZ-DSK-F-012/tmp/ignis-fork/ignis/node_modules/@img/sharp-linux-riscv64
440 silly reify mark deleted [
440 silly reify   '/Users/siliconluo/AZ-DSK-F-012/tmp/ignis-fork/ignis/node_modules/@img/sharp-linux-riscv64'
440 silly reify ]
441 verbose reify failed optional dependency /Users/siliconluo/AZ-DSK-F-012/tmp/ignis-fork/ignis/node_modules/@img/sharp-linux-ppc64
442 silly reify mark deleted [
442 silly reify   '/Users/siliconluo/AZ-DSK-F-012/tmp/ignis-fork/ignis/node_modules/@img/sharp-linux-ppc64'
442 silly reify ]
443 verbose reify failed optional dependency /Users/siliconluo/AZ-DSK-F-012/tmp/ignis-fork/ignis/node_modules/@img/sharp-linux-arm64
444 silly reify mark deleted [
444 silly reify   '/Users/siliconluo/AZ-DSK-F-012/tmp/ignis-fork/ignis/node_modules/@img/sharp-linux-arm64'
444 silly reify ]
445 verbose reify failed optional dependency /Users/siliconluo/AZ-DSK-F-012/tmp/ignis-fork/ignis/node_modules/@img/sharp-linux-arm
446 silly reify mark deleted [
446 silly reify   '/Users/siliconluo/AZ-DSK-F-012/tmp/ignis-fork/ignis/node_modules/@img/sharp-linux-arm'
446 silly reify ]
447 verbose reify failed optional dependency /Users/siliconluo/AZ-DSK-F-012/tmp/ignis-fork/ignis/node_modules/@img/sharp-libvips-linuxmusl-x64
448 silly reify mark deleted [
448 silly reify   '/Users/siliconluo/AZ-DSK-F-012/tmp/ignis-fork/ignis/node_modules/@img/sharp-libvips-linuxmusl-x64'
448 silly reify ]
449 verbose reify failed optional dependency /Users/siliconluo/AZ-DSK-F-012/tmp/ignis-fork/ignis/node_modules/@img/sharp-libvips-linuxmusl-arm64
450 silly reify mark deleted [
450 silly reify   '/Users/siliconluo/AZ-DSK-F-012/tmp/ignis-fork/ignis/node_modules/@img/sharp-libvips-linuxmusl-arm64'
450 silly reify ]
451 verbose reify failed optional dependency /Users/siliconluo/AZ-DSK-F-012/tmp/ignis-fork/ignis/node_modules/@img/sharp-libvips-linux-x64
452 silly reify mark deleted [
452 silly reify   '/Users/siliconluo/AZ-DSK-F-012/tmp/ignis-fork/ignis/node_modules/@img/sharp-libvips-linux-x64'
452 silly reify ]
453 verbose reify failed optional dependency /Users/siliconluo/AZ-DSK-F-012/tmp/ignis-fork/ignis/node_modules/@img/sharp-libvips-linux-s390x
454 silly reify mark deleted [
454 silly reify   '/Users/siliconluo/AZ-DSK-F-012/tmp/ignis-fork/ignis/node_modules/@img/sharp-libvips-linux-s390x'
454 silly reify ]
455 verbose reify failed optional dependency /Users/siliconluo/AZ-DSK-F-012/tmp/ignis-fork/ignis/node_modules/@img/sharp-libvips-linux-riscv64
456 silly reify mark deleted [
456 silly reify   '/Users/siliconluo/AZ-DSK-F-012/tmp/ignis-fork/ignis/node_modules/@img/sharp-libvips-linux-riscv64'
456 silly reify ]
457 verbose reify failed optional dependency /Users/siliconluo/AZ-DSK-F-012/tmp/ignis-fork/ignis/node_modules/@img/sharp-libvips-linux-ppc64
458 silly reify mark deleted [
458 silly reify   '/Users/siliconluo/AZ-DSK-F-012/tmp/ignis-fork/ignis/node_modules/@img/sharp-libvips-linux-ppc64'
458 silly reify ]
459 verbose reify failed optional dependency /Users/siliconluo/AZ-DSK-F-012/tmp/ignis-fork/ignis/node_modules/@img/sharp-libvips-linux-arm64
460 silly reify mark deleted [
460 silly reify   '/Users/siliconluo/AZ-DSK-F-012/tmp/ignis-fork/ignis/node_modules/@img/sharp-libvips-linux-arm64'
460 silly reify ]
461 verbose reify failed optional dependency /Users/siliconluo/AZ-DSK-F-012/tmp/ignis-fork/ignis/node_modules/@img/sharp-libvips-linux-arm
462 silly reify mark deleted [
462 silly reify   '/Users/siliconluo/AZ-DSK-F-012/tmp/ignis-fork/ignis/node_modules/@img/sharp-libvips-linux-arm'
462 silly reify ]
463 verbose reify failed optional dependency /Users/siliconluo/AZ-DSK-F-012/tmp/ignis-fork/ignis/node_modules/@img/sharp-libvips-darwin-x64
464 silly reify mark deleted [
464 silly reify   '/Users/siliconluo/AZ-DSK-F-012/tmp/ignis-fork/ignis/node_modules/@img/sharp-libvips-darwin-x64'
464 silly reify ]
465 verbose reify failed optional dependency /Users/siliconluo/AZ-DSK-F-012/tmp/ignis-fork/ignis/node_modules/@img/sharp-freebsd-wasm32
466 silly reify mark deleted [
466 silly reify   '/Users/siliconluo/AZ-DSK-F-012/tmp/ignis-fork/ignis/node_modules/@img/sharp-freebsd-wasm32'
466 silly reify ]
467 verbose reify failed optional dependency /Users/siliconluo/AZ-DSK-F-012/tmp/ignis-fork/ignis/node_modules/@img/sharp-darwin-x64
468 silly reify mark deleted [
468 silly reify   '/Users/siliconluo/AZ-DSK-F-012/tmp/ignis-fork/ignis/node_modules/@img/sharp-darwin-x64'
468 silly reify ]
469 verbose reify failed optional dependency /Users/siliconluo/AZ-DSK-F-012/tmp/ignis-fork/ignis/node_modules/@esbuild/openharmony-arm64
470 silly reify mark deleted [
470 silly reify   '/Users/siliconluo/AZ-DSK-F-012/tmp/ignis-fork/ignis/node_modules/@esbuild/openharmony-arm64'
470 silly reify ]
471 verbose reify failed optional dependency /Users/siliconluo/AZ-DSK-F-012/tmp/ignis-fork/ignis/node_modules/@esbuild/openbsd-arm64
472 silly reify mark deleted [
472 silly reify   '/Users/siliconluo/AZ-DSK-F-012/tmp/ignis-fork/ignis/node_modules/@esbuild/openbsd-arm64'
472 silly reify ]
473 verbose reify failed optional dependency /Users/siliconluo/AZ-DSK-F-012/tmp/ignis-fork/ignis/node_modules/@esbuild/netbsd-arm64
474 silly reify mark deleted [
474 silly reify   '/Users/siliconluo/AZ-DSK-F-012/tmp/ignis-fork/ignis/node_modules/@esbuild/netbsd-arm64'
474 silly reify ]
475 verbose reify failed optional dependency /Users/siliconluo/AZ-DSK-F-012/tmp/ignis-fork/ignis/node_modules/@bruits/satteri-win32-x64-msvc
476 silly reify mark deleted [
476 silly reify   '/Users/siliconluo/AZ-DSK-F-012/tmp/ignis-fork/ignis/node_modules/@bruits/satteri-win32-x64-msvc'
476 silly reify ]
477 verbose reify failed optional dependency /Users/siliconluo/AZ-DSK-F-012/tmp/ignis-fork/ignis/node_modules/@bruits/satteri-win32-arm64-msvc
478 silly reify mark deleted [
478 silly reify   '/Users/siliconluo/AZ-DSK-F-012/tmp/ignis-fork/ignis/node_modules/@bruits/satteri-win32-arm64-msvc'
478 silly reify ]
479 verbose reify failed optional dependency /Users/siliconluo/AZ-DSK-F-012/tmp/ignis-fork/ignis/node_modules/@bruits/satteri-wasm32-wasi
480 silly reify mark deleted [
480 silly reify   '/Users/siliconluo/AZ-DSK-F-012/tmp/ignis-fork/ignis/node_modules/@bruits/satteri-wasm32-wasi'
480 silly reify ]
481 verbose reify failed optional dependency /Users/siliconluo/AZ-DSK-F-012/tmp/ignis-fork/ignis/node_modules/@bruits/satteri-wasm32-wasi/node_modules/@emnapi/core
482 silly reify mark deleted [
482 silly reify   '/Users/siliconluo/AZ-DSK-F-012/tmp/ignis-fork/ignis/node_modules/@bruits/satteri-wasm32-wasi/node_modules/@emnapi/core'
482 silly reify ]
483 verbose reify failed optional dependency /Users/siliconluo/AZ-DSK-F-012/tmp/ignis-fork/ignis/node_modules/@bruits/satteri-wasm32-wasi/node_modules/@emnapi/runtime
484 silly reify mark deleted [
484 silly reify   '/Users/siliconluo/AZ-DSK-F-012/tmp/ignis-fork/ignis/node_modules/@bruits/satteri-wasm32-wasi/node_modules/@emnapi/runtime'
484 silly reify ]
485 verbose reify failed optional dependency /Users/siliconluo/AZ-DSK-F-012/tmp/ignis-fork/ignis/node_modules/@bruits/satteri-linux-x64-musl
486 silly reify mark deleted [
486 silly reify   '/Users/siliconluo/AZ-DSK-F-012/tmp/ignis-fork/ignis/node_modules/@bruits/satteri-linux-x64-musl'
486 silly reify ]
487 verbose reify failed optional dependency /Users/siliconluo/AZ-DSK-F-012/tmp/ignis-fork/ignis/node_modules/@bruits/satteri-linux-x64-gnu
488 silly reify mark deleted [
488 silly reify   '/Users/siliconluo/AZ-DSK-F-012/tmp/ignis-fork/ignis/node_modules/@bruits/satteri-linux-x64-gnu'
488 silly reify ]
489 verbose reify failed optional dependency /Users/siliconluo/AZ-DSK-F-012/tmp/ignis-fork/ignis/node_modules/@bruits/satteri-linux-arm64-musl
490 silly reify mark deleted [
490 silly reify   '/Users/siliconluo/AZ-DSK-F-012/tmp/ignis-fork/ignis/node_modules/@bruits/satteri-linux-arm64-musl'
490 silly reify ]
491 verbose reify failed optional dependency /Users/siliconluo/AZ-DSK-F-012/tmp/ignis-fork/ignis/node_modules/@bruits/satteri-linux-arm64-gnu
492 silly reify mark deleted [
492 silly reify   '/Users/siliconluo/AZ-DSK-F-012/tmp/ignis-fork/ignis/node_modules/@bruits/satteri-linux-arm64-gnu'
492 silly reify ]
493 verbose reify failed optional dependency /Users/siliconluo/AZ-DSK-F-012/tmp/ignis-fork/ignis/node_modules/@bruits/satteri-darwin-x64
494 silly reify mark deleted [
494 silly reify   '/Users/siliconluo/AZ-DSK-F-012/tmp/ignis-fork/ignis/node_modules/@bruits/satteri-darwin-x64'
494 silly reify ]
495 verbose reify failed optional dependency /Users/siliconluo/AZ-DSK-F-012/tmp/ignis-fork/ignis/node_modules/@astrojs/compiler-binding-win32-x64-msvc
496 silly reify mark deleted [
496 silly reify   '/Users/siliconluo/AZ-DSK-F-012/tmp/ignis-fork/ignis/node_modules/@astrojs/compiler-binding-win32-x64-msvc'
496 silly reify ]
497 verbose reify failed optional dependency /Users/siliconluo/AZ-DSK-F-012/tmp/ignis-fork/ignis/node_modules/@astrojs/compiler-binding-win32-arm64-msvc
498 silly reify mark deleted [
498 silly reify   '/Users/siliconluo/AZ-DSK-F-012/tmp/ignis-fork/ignis/node_modules/@astrojs/compiler-binding-win32-arm64-msvc'
498 silly reify ]
499 verbose reify failed optional dependency /Users/siliconluo/AZ-DSK-F-012/tmp/ignis-fork/ignis/node_modules/@astrojs/compiler-binding-wasm32-wasi
500 silly reify mark deleted [
500 silly reify   '/Users/siliconluo/AZ-DSK-F-012/tmp/ignis-fork/ignis/node_modules/@astrojs/compiler-binding-wasm32-wasi'
500 silly reify ]
501 verbose reify failed optional dependency /Users/siliconluo/AZ-DSK-F-012/tmp/ignis-fork/ignis/node_modules/@astrojs/compiler-binding-linux-x64-musl
502 silly reify mark deleted [
502 silly reify   '/Users/siliconluo/AZ-DSK-F-012/tmp/ignis-fork/ignis/node_modules/@astrojs/compiler-binding-linux-x64-musl'
502 silly reify ]
503 verbose reify failed optional dependency /Users/siliconluo/AZ-DSK-F-012/tmp/ignis-fork/ignis/node_modules/@astrojs/compiler-binding-linux-x64-gnu
504 silly reify mark deleted [
504 silly reify   '/Users/siliconluo/AZ-DSK-F-012/tmp/ignis-fork/ignis/node_modules/@astrojs/compiler-binding-linux-x64-gnu'
504 silly reify ]
505 verbose reify failed optional dependency /Users/siliconluo/AZ-DSK-F-012/tmp/ignis-fork/ignis/node_modules/@astrojs/compiler-binding-linux-arm64-musl
506 silly reify mark deleted [
506 silly reify   '/Users/siliconluo/AZ-DSK-F-012/tmp/ignis-fork/ignis/node_modules/@astrojs/compiler-binding-linux-arm64-musl'
506 silly reify ]
507 verbose reify failed optional dependency /Users/siliconluo/AZ-DSK-F-012/tmp/ignis-fork/ignis/node_modules/@astrojs/compiler-binding-linux-arm64-gnu
508 silly reify mark deleted [
508 silly reify   '/Users/siliconluo/AZ-DSK-F-012/tmp/ignis-fork/ignis/node_modules/@astrojs/compiler-binding-linux-arm64-gnu'
508 silly reify ]
509 verbose reify failed optional dependency /Users/siliconluo/AZ-DSK-F-012/tmp/ignis-fork/ignis/node_modules/@astrojs/compiler-binding-darwin-x64
510 silly reify mark deleted [
510 silly reify   '/Users/siliconluo/AZ-DSK-F-012/tmp/ignis-fork/ignis/node_modules/@astrojs/compiler-binding-darwin-x64'
510 silly reify ]
511 http cache esbuild@https://registry.npmjs.org/esbuild/-/esbuild-0.20.0.tgz 0ms (cache hit)
512 http cache @esbuild/darwin-arm64@https://registry.npmjs.org/@esbuild/darwin-arm64/-/darwin-arm64-0.20.0.tgz 0ms (cache hit)
513 http cache zwitch@https://registry.npmjs.org/zwitch/-/zwitch-2.0.4.tgz 0ms (cache hit)
514 http cache zip-stream@https://registry.npmjs.org/zip-stream/-/zip-stream-6.0.1.tgz 0ms (cache hit)
515 http cache yocto-queue@https://registry.npmjs.org/yocto-queue/-/yocto-queue-1.2.2.tgz 0ms (cache hit)
516 http cache yargs-parser@https://registry.npmjs.org/yargs-parser/-/yargs-parser-22.0.0.tgz 0ms (cache hit)
517 http cache xxhash-wasm@https://registry.npmjs.org/xxhash-wasm/-/xxhash-wasm-1.1.0.tgz 0ms (cache hit)
518 http cache ws@https://registry.npmjs.org/ws/-/ws-8.21.0.tgz 0ms (cache hit)
519 http cache zod@https://registry.npmjs.org/zod/-/zod-4.4.3.tgz 0ms (cache hit)
520 http cache wrap-ansi-cjs@https://registry.npmjs.org/wrap-ansi/-/wrap-ansi-7.0.0.tgz 0ms (cache hit)
521 http cache why-is-node-running@https://registry.npmjs.org/why-is-node-running/-/why-is-node-running-2.3.0.tgz 0ms (cache hit)
522 http cache wrap-ansi@https://registry.npmjs.org/wrap-ansi/-/wrap-ansi-8.1.0.tgz 0ms (cache hit)
523 http cache vitest@https://registry.npmjs.org/vitest/-/vitest-3.2.6.tgz 0ms (cache hit)
524 http cache web-namespaces@https://registry.npmjs.org/web-namespaces/-/web-namespaces-2.0.1.tgz 0ms (cache hit)
525 http cache vite-node@https://registry.npmjs.org/vite-node/-/vite-node-3.2.4.tgz 0ms (cache hit)
526 http cache vitefu@https://registry.npmjs.org/vitefu/-/vitefu-1.1.3.tgz 0ms (cache hit)
527 http cache vite@https://registry.npmjs.org/vite/-/vite-7.3.3.tgz 0ms (cache hit)
528 http cache which@https://registry.npmjs.org/which/-/which-2.0.2.tgz 0ms (cache hit)
529 http cache vfile@https://registry.npmjs.org/vfile/-/vfile-6.0.3.tgz 0ms (cache hit)
530 http cache vfile-message@https://registry.npmjs.org/vfile-message/-/vfile-message-4.0.3.tgz 0ms (cache hit)
531 http cache which-pm-runs@https://registry.npmjs.org/which-pm-runs/-/which-pm-runs-1.1.0.tgz 0ms (cache hit)
532 http cache vfile-location@https://registry.npmjs.org/vfile-location/-/vfile-location-5.0.3.tgz 0ms (cache hit)
533 http cache util-deprecate@https://registry.npmjs.org/util-deprecate/-/util-deprecate-1.0.2.tgz 0ms (cache hit)
534 http cache unstorage@https://registry.npmjs.org/unstorage/-/unstorage-1.17.5.tgz 0ms (cache hit)
535 http cache url-extras@https://registry.npmjs.org/url-extras/-/url-extras-0.1.0.tgz 0ms (cache hit)
536 http cache unist-util-visit-children@https://registry.npmjs.org/unist-util-visit-children/-/unist-util-visit-children-3.0.0.tgz 0ms (cache hit)
537 http cache unpipe@https://registry.npmjs.org/unpipe/-/unpipe-1.0.0.tgz 0ms (cache hit)
538 http cache vary@https://registry.npmjs.org/vary/-/vary-1.1.2.tgz 0ms (cache hit)
539 http cache unist-util-visit-parents@https://registry.npmjs.org/unist-util-visit-parents/-/unist-util-visit-parents-6.0.2.tgz 0ms (cache hit)
540 http cache unist-util-remove-position@https://registry.npmjs.org/unist-util-remove-position/-/unist-util-remove-position-5.0.0.tgz 0ms (cache hit)
541 http cache unist-util-visit@https://registry.npmjs.org/unist-util-visit/-/unist-util-visit-5.1.0.tgz 0ms (cache hit)
542 http cache unist-util-position-from-estree@https://registry.npmjs.org/unist-util-position-from-estree/-/unist-util-position-from-estree-2.0.0.tgz 0ms (cache hit)
543 http cache unist-util-stringify-position@https://registry.npmjs.org/unist-util-stringify-position/-/unist-util-stringify-position-4.0.0.tgz 0ms (cache hit)
544 http cache unist-util-is@https://registry.npmjs.org/unist-util-is/-/unist-util-is-6.0.1.tgz 0ms (cache hit)
545 http cache unist-util-modify-children@https://registry.npmjs.org/unist-util-modify-children/-/unist-util-modify-children-4.0.0.tgz 0ms (cache hit)
546 http cache unist-util-find-after@https://registry.npmjs.org/unist-util-find-after/-/unist-util-find-after-5.0.0.tgz 0ms (cache hit)
547 http cache unifont@https://registry.npmjs.org/unifont/-/unifont-0.7.4.tgz 0ms (cache hit)
548 http cache unist-util-position@https://registry.npmjs.org/unist-util-position/-/unist-util-position-5.0.0.tgz 0ms (cache hit)
549 http cache utils-merge@https://registry.npmjs.org/utils-merge/-/utils-merge-1.0.1.tgz 0ms (cache hit)
550 http cache unified@https://registry.npmjs.org/unified/-/unified-11.0.5.tgz 0ms (cache hit)
551 http cache undici-types@https://registry.npmjs.org/undici-types/-/undici-types-7.18.2.tgz 0ms (cache hit)
552 http cache ufo@https://registry.npmjs.org/ufo/-/ufo-1.6.4.tgz 0ms (cache hit)
553 http cache type-is@https://registry.npmjs.org/type-is/-/type-is-1.6.18.tgz 0ms (cache hit)
554 http cache ultrahtml@https://registry.npmjs.org/ultrahtml/-/ultrahtml-1.6.0.tgz 0ms (cache hit)
555 http cache tslib@https://registry.npmjs.org/tslib/-/tslib-2.8.1.tgz 0ms (cache hit)
556 http cache trough@https://registry.npmjs.org/trough/-/trough-2.2.0.tgz 0ms (cache hit)
557 http cache toidentifier@https://registry.npmjs.org/toidentifier/-/toidentifier-1.0.1.tgz 0ms (cache hit)
558 http cache trim-lines@https://registry.npmjs.org/trim-lines/-/trim-lines-3.0.1.tgz 0ms (cache hit)
559 http cache to-regex-range@https://registry.npmjs.org/to-regex-range/-/to-regex-range-5.0.1.tgz 0ms (cache hit)
560 http cache uncrypto@https://registry.npmjs.org/uncrypto/-/uncrypto-0.1.3.tgz 0ms (cache hit)
561 http cache tinyglobby@https://registry.npmjs.org/tinyglobby/-/tinyglobby-0.2.17.tgz 0ms (cache hit)
562 http cache tinypool@https://registry.npmjs.org/tinypool/-/tinypool-1.1.1.tgz 0ms (cache hit)
563 http cache tinyexec@https://registry.npmjs.org/tinyexec/-/tinyexec-0.3.2.tgz 0ms (cache hit)
564 http cache tinyclip@https://registry.npmjs.org/tinyclip/-/tinyclip-0.1.15.tgz 0ms (cache hit)
565 http cache tinybench@https://registry.npmjs.org/tinybench/-/tinybench-2.9.0.tgz 0ms (cache hit)
566 http cache tiny-inflate@https://registry.npmjs.org/tiny-inflate/-/tiny-inflate-1.0.3.tgz 0ms (cache hit)
567 http cache text-decoder@https://registry.npmjs.org/text-decoder/-/text-decoder-1.2.7.tgz 0ms (cache hit)
568 http cache teex@https://registry.npmjs.org/teex/-/teex-1.0.1.tgz 0ms (cache hit)
569 http cache tinyrainbow@https://registry.npmjs.org/tinyrainbow/-/tinyrainbow-2.0.0.tgz 0ms (cache hit)
570 http cache svgo@https://registry.npmjs.org/svgo/-/svgo-4.0.1.tgz 0ms (cache hit)
571 http cache svelte@https://registry.npmjs.org/svelte/-/svelte-4.2.20.tgz 0ms (cache hit)
572 http cache tar-stream@https://registry.npmjs.org/tar-stream/-/tar-stream-3.1.8.tgz 0ms (cache hit)
573 http cache strip-ansi-cjs@https://registry.npmjs.org/strip-ansi/-/strip-ansi-6.0.1.tgz 0ms (cache hit)
574 http cache tinyspy@https://registry.npmjs.org/tinyspy/-/tinyspy-4.0.4.tgz 0ms (cache hit)
575 http cache style-to-js@https://registry.npmjs.org/style-to-js/-/style-to-js-1.1.21.tgz 0ms (cache hit)
576 http cache strip-literal@https://registry.npmjs.org/strip-literal/-/strip-literal-3.1.0.tgz 0ms (cache hit)
577 http cache string-width-cjs@https://registry.npmjs.org/string-width/-/string-width-4.2.3.tgz 0ms (cache hit)
578 http cache stringify-entities@https://registry.npmjs.org/stringify-entities/-/stringify-entities-4.0.4.tgz 0ms (cache hit)
579 http cache string_decoder@https://registry.npmjs.org/string_decoder/-/string_decoder-1.3.0.tgz 0ms (cache hit)
580 http cache strip-ansi@https://registry.npmjs.org/strip-ansi/-/strip-ansi-7.2.0.tgz 0ms (cache hit)
581 http cache string-width@https://registry.npmjs.org/string-width/-/string-width-5.1.2.tgz 0ms (cache hit)
582 http cache streamx@https://registry.npmjs.org/streamx/-/streamx-2.25.0.tgz 0ms (cache hit)
583 http cache stream-replace-string@https://registry.npmjs.org/stream-replace-string/-/stream-replace-string-2.0.0.tgz 0ms (cache hit)
584 http cache std-env@https://registry.npmjs.org/std-env/-/std-env-3.10.0.tgz 0ms (cache hit)
585 http cache stackback@https://registry.npmjs.org/stackback/-/stackback-0.0.2.tgz 0ms (cache hit)
586 http cache style-to-object@https://registry.npmjs.org/style-to-object/-/style-to-object-1.0.14.tgz 0ms (cache hit)
587 http cache source-map@https://registry.npmjs.org/source-map/-/source-map-0.7.6.tgz 0ms (cache hit)
588 http cache smol-toml@https://registry.npmjs.org/smol-toml/-/smol-toml-1.7.0.tgz 0ms (cache hit)
589 http cache source-map-js@https://registry.npmjs.org/source-map-js/-/source-map-js-1.2.1.tgz 0ms (cache hit)
590 http cache sisteransi@https://registry.npmjs.org/sisteransi/-/sisteransi-1.0.5.tgz 0ms (cache hit)
591 http cache signal-exit@https://registry.npmjs.org/signal-exit/-/signal-exit-4.1.0.tgz 0ms (cache hit)
592 http cache sitemap@https://registry.npmjs.org/sitemap/-/sitemap-9.0.1.tgz 0ms (cache hit)
593 http cache statuses@https://registry.npmjs.org/statuses/-/statuses-2.0.2.tgz 0ms (cache hit)
594 http cache siginfo@https://registry.npmjs.org/siginfo/-/siginfo-2.0.0.tgz 0ms (cache hit)
595 http cache side-channel-weakmap@https://registry.npmjs.org/side-channel-weakmap/-/side-channel-weakmap-1.0.2.tgz 0ms (cache hit)
596 http cache side-channel@https://registry.npmjs.org/side-channel/-/side-channel-1.1.1.tgz 0ms (cache hit)
597 http cache shiki@https://registry.npmjs.org/shiki/-/shiki-4.3.1.tgz 1ms (cache hit)
598 http cache shebang-command@https://registry.npmjs.org/shebang-command/-/shebang-command-2.0.0.tgz 0ms (cache hit)
599 http cache sharp@https://registry.npmjs.org/sharp/-/sharp-0.35.3.tgz 0ms (cache hit)
600 http cache setprototypeof@https://registry.npmjs.org/setprototypeof/-/setprototypeof-1.2.0.tgz 0ms (cache hit)
601 http cache space-separated-tokens@https://registry.npmjs.org/space-separated-tokens/-/space-separated-tokens-2.0.2.tgz 0ms (cache hit)
602 http cache shebang-regex@https://registry.npmjs.org/shebang-regex/-/shebang-regex-3.0.0.tgz 0ms (cache hit)
603 http cache side-channel-list@https://registry.npmjs.org/side-channel-list/-/side-channel-list-1.0.1.tgz 0ms (cache hit)
604 http cache side-channel-map@https://registry.npmjs.org/side-channel-map/-/side-channel-map-1.0.1.tgz 0ms (cache hit)
605 http cache serve-static@https://registry.npmjs.org/serve-static/-/serve-static-1.16.3.tgz 0ms (cache hit)
606 http cache semver@https://registry.npmjs.org/semver/-/semver-7.8.5.tgz 0ms (cache hit)
607 http cache send@https://registry.npmjs.org/send/-/send-0.19.2.tgz 0ms (cache hit)
608 http cache satteri@https://registry.npmjs.org/satteri/-/satteri-0.9.4.tgz 0ms (cache hit)
609 http cache safer-buffer@https://registry.npmjs.org/safer-buffer/-/safer-buffer-2.1.2.tgz 0ms (cache hit)
610 http cache safe-buffer@https://registry.npmjs.org/safe-buffer/-/safe-buffer-5.2.1.tgz 0ms (cache hit)
611 http cache rollup@https://registry.npmjs.org/rollup/-/rollup-4.60.3.tgz 0ms (cache hit)
612 http cache rolldown@https://registry.npmjs.org/rolldown/-/rolldown-1.1.4.tgz 0ms (cache hit)
613 http cache retext-stringify@https://registry.npmjs.org/retext-stringify/-/retext-stringify-4.0.0.tgz 0ms (cache hit)
614 http cache retext-smartypants@https://registry.npmjs.org/retext-smartypants/-/retext-smartypants-6.2.0.tgz 0ms (cache hit)
615 http cache retext-latin@https://registry.npmjs.org/retext-latin/-/retext-latin-4.0.0.tgz 0ms (cache hit)
616 http cache sax@https://registry.npmjs.org/sax/-/sax-1.6.0.tgz 0ms (cache hit)
617 http cache retext@https://registry.npmjs.org/retext/-/retext-9.0.0.tgz 0ms (cache hit)
618 http cache remark-stringify@https://registry.npmjs.org/remark-stringify/-/remark-stringify-11.0.0.tgz 0ms (cache hit)
619 http cache remark-rehype@https://registry.npmjs.org/remark-rehype/-/remark-rehype-11.1.2.tgz 0ms (cache hit)
620 http cache remark-gfm@https://registry.npmjs.org/remark-gfm/-/remark-gfm-4.0.1.tgz 0ms (cache hit)
621 http cache remark-mdx@https://registry.npmjs.org/remark-mdx/-/remark-mdx-3.1.1.tgz 0ms (cache hit)
622 http cache remark-directive@https://registry.npmjs.org/remark-directive/-/remark-directive-4.0.0.tgz 0ms (cache hit)
623 http cache remark-parse@https://registry.npmjs.org/remark-parse/-/remark-parse-11.0.0.tgz 0ms (cache hit)
624 http cache rehype-stringify@https://registry.npmjs.org/rehype-stringify/-/rehype-stringify-10.0.1.tgz 0ms (cache hit)
625 http cache rehype-recma@https://registry.npmjs.org/rehype-recma/-/rehype-recma-1.0.0.tgz 0ms (cache hit)
626 http cache rehype-raw@https://registry.npmjs.org/rehype-raw/-/rehype-raw-7.0.0.tgz 0ms (cache hit)
627 http cache remark-smartypants@https://registry.npmjs.org/remark-smartypants/-/remark-smartypants-3.0.2.tgz 0ms (cache hit)
628 http cache rehype-format@https://registry.npmjs.org/rehype-format/-/rehype-format-5.0.1.tgz 0ms (cache hit)
629 http cache rehype-expressive-code@https://registry.npmjs.org/rehype-expressive-code/-/rehype-expressive-code-0.44.0.tgz 0ms (cache hit)
630 http cache rehype-parse@https://registry.npmjs.org/rehype-parse/-/rehype-parse-9.0.1.tgz 0ms (cache hit)
631 http cache regex-utilities@https://registry.npmjs.org/regex-utilities/-/regex-utilities-2.3.0.tgz 0ms (cache hit)
632 http cache regex-recursion@https://registry.npmjs.org/regex-recursion/-/regex-recursion-6.0.2.tgz 0ms (cache hit)
633 http cache regex@https://registry.npmjs.org/regex/-/regex-6.1.0.tgz 0ms (cache hit)
634 http cache rehype@https://registry.npmjs.org/rehype/-/rehype-13.0.2.tgz 0ms (cache hit)
635 http cache resolve-pkg-maps@https://registry.npmjs.org/resolve-pkg-maps/-/resolve-pkg-maps-1.0.0.tgz 0ms (cache hit)
636 http cache recma-stringify@https://registry.npmjs.org/recma-stringify/-/recma-stringify-1.0.0.tgz 0ms (cache hit)
637 http cache recma-parse@https://registry.npmjs.org/recma-parse/-/recma-parse-1.0.0.tgz 0ms (cache hit)
638 http cache recma-jsx@https://registry.npmjs.org/recma-jsx/-/recma-jsx-1.0.1.tgz 0ms (cache hit)
639 http cache readdir-glob@https://registry.npmjs.org/readdir-glob/-/readdir-glob-1.1.3.tgz 0ms (cache hit)
640 http cache readable-stream@https://registry.npmjs.org/readable-stream/-/readable-stream-4.7.0.tgz 0ms (cache hit)
641 http cache recma-build-jsx@https://registry.npmjs.org/recma-build-jsx/-/recma-build-jsx-1.0.0.tgz 0ms (cache hit)
642 http cache raw-body@https://registry.npmjs.org/raw-body/-/raw-body-2.5.3.tgz 0ms (cache hit)
643 http cache range-parser@https://registry.npmjs.org/range-parser/-/range-parser-1.2.1.tgz 0ms (cache hit)
644 http cache radix3@https://registry.npmjs.org/radix3/-/radix3-1.1.2.tgz 0ms (cache hit)
645 http cache proxy-addr@https://registry.npmjs.org/proxy-addr/-/proxy-addr-2.0.7.tgz 0ms (cache hit)
646 http cache process-nextick-args@https://registry.npmjs.org/process-nextick-args/-/process-nextick-args-2.0.1.tgz 0ms (cache hit)
647 http cache readdirp@https://registry.npmjs.org/readdirp/-/readdirp-3.6.0.tgz 0ms (cache hit)
648 http cache property-information@https://registry.npmjs.org/property-information/-/property-information-7.2.0.tgz 0ms (cache hit)
649 http cache process@https://registry.npmjs.org/process/-/process-0.11.10.tgz 0ms (cache hit)
650 http cache process-ancestry@https://registry.npmjs.org/process-ancestry/-/process-ancestry-0.1.0.tgz 0ms (cache hit)
651 http cache postcss-selector-parser@https://registry.npmjs.org/postcss-selector-parser/-/postcss-selector-parser-6.1.4.tgz 0ms (cache hit)
652 http cache postcss-nested@https://registry.npmjs.org/postcss-nested/-/postcss-nested-6.2.0.tgz 0ms (cache hit)
653 http cache postcss@https://registry.npmjs.org/postcss/-/postcss-8.5.16.tgz 0ms (cache hit)
654 http cache picomatch@https://registry.npmjs.org/picomatch/-/picomatch-2.3.2.tgz 0ms (cache hit)
655 http cache picocolors@https://registry.npmjs.org/picocolors/-/picocolors-1.1.1.tgz 0ms (cache hit)
656 http cache periscopic@https://registry.npmjs.org/periscopic/-/periscopic-3.1.0.tgz 0ms (cache hit)
657 http cache piccolore@https://registry.npmjs.org/piccolore/-/piccolore-0.1.3.tgz 0ms (cache hit)
658 http cache pathval@https://registry.npmjs.org/pathval/-/pathval-2.0.1.tgz 0ms (cache hit)
659 http cache prismjs@https://registry.npmjs.org/prismjs/-/prismjs-1.30.0.tgz 0ms (cache hit)
660 http cache pathe@https://registry.npmjs.org/pathe/-/pathe-2.0.3.tgz 0ms (cache hit)
661 http cache path-to-regexp@https://registry.npmjs.org/path-to-regexp/-/path-to-regexp-0.1.13.tgz 0ms (cache hit)
662 http cache path-scurry@https://registry.npmjs.org/path-scurry/-/path-scurry-1.11.1.tgz 0ms (cache hit)
663 http cache path-key@https://registry.npmjs.org/path-key/-/path-key-3.1.1.tgz 0ms (cache hit)
664 http cache path-browserify@https://registry.npmjs.org/path-browserify/-/path-browserify-1.0.1.tgz 0ms (cache hit)
665 http cache parse-latin@https://registry.npmjs.org/parse-latin/-/parse-latin-7.0.0.tgz 0ms (cache hit)
666 http cache parse5@https://registry.npmjs.org/parse5/-/parse5-7.3.0.tgz 0ms (cache hit)
667 http cache parse-entities@https://registry.npmjs.org/parse-entities/-/parse-entities-4.0.2.tgz 0ms (cache hit)
668 http cache pako@https://registry.npmjs.org/pako/-/pako-2.1.0.tgz 0ms (cache hit)
669 http cache qs@https://registry.npmjs.org/qs/-/qs-6.15.2.tgz 0ms (cache hit)
670 http cache pagefind@https://registry.npmjs.org/pagefind/-/pagefind-1.5.2.tgz 0ms (cache hit)
671 http cache package-manager-detector@https://registry.npmjs.org/package-manager-detector/-/package-manager-detector-1.7.0.tgz 0ms (cache hit)
672 http cache package-json-from-dist@https://registry.npmjs.org/package-json-from-dist/-/package-json-from-dist-1.0.1.tgz 0ms (cache hit)
673 http cache p-timeout@https://registry.npmjs.org/p-timeout/-/p-timeout-7.0.1.tgz 0ms (cache hit)
674 http cache p-queue@https://registry.npmjs.org/p-queue/-/p-queue-9.3.1.tgz 0ms (cache hit)
675 http cache p-limit@https://registry.npmjs.org/p-limit/-/p-limit-7.3.0.tgz 0ms (cache hit)
676 http cache oxlint@https://registry.npmjs.org/oxlint/-/oxlint-1.70.0.tgz 0ms (cache hit)
677 http cache oniguruma-to-es@https://registry.npmjs.org/oniguruma-to-es/-/oniguruma-to-es-4.3.6.tgz 0ms (cache hit)
678 http cache oniguruma-parser@https://registry.npmjs.org/oniguruma-parser/-/oniguruma-parser-0.12.2.tgz 0ms (cache hit)
679 http cache on-headers@https://registry.npmjs.org/on-headers/-/on-headers-1.1.0.tgz 0ms (cache hit)
680 http cache ofetch@https://registry.npmjs.org/ofetch/-/ofetch-1.5.1.tgz 0ms (cache hit)
681 http cache on-finished@https://registry.npmjs.org/on-finished/-/on-finished-2.4.1.tgz 0ms (cache hit)
682 http cache ohash@https://registry.npmjs.org/ohash/-/ohash-2.0.11.tgz 0ms (cache hit)
683 http cache object-inspect@https://registry.npmjs.org/object-inspect/-/object-inspect-1.13.4.tgz 0ms (cache hit)
684 http cache object-assign@https://registry.npmjs.org/object-assign/-/object-assign-4.1.1.tgz 0ms (cache hit)
685 http cache obug@https://registry.npmjs.org/obug/-/obug-2.1.3.tgz 0ms (cache hit)
686 http cache nth-check@https://registry.npmjs.org/nth-check/-/nth-check-2.1.1.tgz 0ms (cache hit)
687 http cache normalize-path@https://registry.npmjs.org/normalize-path/-/normalize-path-3.0.0.tgz 0ms (cache hit)
688 http cache parseurl@https://registry.npmjs.org/parseurl/-/parseurl-1.3.3.tgz 0ms (cache hit)
689 http cache node-fetch-native@https://registry.npmjs.org/node-fetch-native/-/node-fetch-native-1.6.7.tgz 0ms (cache hit)
690 http cache negotiator@https://registry.npmjs.org/negotiator/-/negotiator-0.6.3.tgz 0ms (cache hit)
691 http cache node-mock-http@https://registry.npmjs.org/node-mock-http/-/node-mock-http-1.0.4.tgz 0ms (cache hit)
692 http cache ms@https://registry.npmjs.org/ms/-/ms-2.0.0.tgz 0ms (cache hit)
693 http cache nanoid@https://registry.npmjs.org/nanoid/-/nanoid-3.3.12.tgz 0ms (cache hit)
694 http cache mrmime@https://registry.npmjs.org/mrmime/-/mrmime-2.0.1.tgz 0ms (cache hit)
695 http cache minipass@https://registry.npmjs.org/minipass/-/minipass-7.1.3.tgz 0ms (cache hit)
696 http cache minimatch@https://registry.npmjs.org/minimatch/-/minimatch-9.0.9.tgz 0ms (cache hit)
697 http cache mime-db@https://registry.npmjs.org/mime-db/-/mime-db-1.52.0.tgz 0ms (cache hit)
698 http cache mime-types@https://registry.npmjs.org/mime-types/-/mime-types-2.1.35.tgz 0ms (cache hit)
699 http cache mime@https://registry.npmjs.org/mime/-/mime-1.6.0.tgz 0ms (cache hit)
700 http cache neotraverse@https://registry.npmjs.org/neotraverse/-/neotraverse-0.6.18.tgz 0ms (cache hit)
701 http cache nlcst-to-string@https://registry.npmjs.org/nlcst-to-string/-/nlcst-to-string-4.0.0.tgz 0ms (cache hit)
702 http cache micromark-util-symbol@https://registry.npmjs.org/micromark-util-symbol/-/micromark-util-symbol-2.0.1.tgz 0ms (cache hit)
703 http cache micromark-util-sanitize-uri@https://registry.npmjs.org/micromark-util-sanitize-uri/-/micromark-util-sanitize-uri-2.0.1.tgz 0ms (cache hit)
704 http cache micromark-util-resolve-all@https://registry.npmjs.org/micromark-util-resolve-all/-/micromark-util-resolve-all-2.0.1.tgz 0ms (cache hit)
705 http cache micromark-util-normalize-identifier@https://registry.npmjs.org/micromark-util-normalize-identifier/-/micromark-util-normalize-identifier-2.0.1.tgz 0ms (cache hit)
706 http cache micromark-util-types@https://registry.npmjs.org/micromark-util-types/-/micromark-util-types-2.0.2.tgz 0ms (cache hit)
707 http cache micromark-util-html-tag-name@https://registry.npmjs.org/micromark-util-html-tag-name/-/micromark-util-html-tag-name-2.0.1.tgz 0ms (cache hit)
708 http cache micromark-util-events-to-acorn@https://registry.npmjs.org/micromark-util-events-to-acorn/-/micromark-util-events-to-acorn-2.0.3.tgz 0ms (cache hit)
709 http cache micromark-util-decode-string@https://registry.npmjs.org/micromark-util-decode-string/-/micromark-util-decode-string-2.0.1.tgz 0ms (cache hit)
710 http cache micromark-util-decode-numeric-character-reference@https://registry.npmjs.org/micromark-util-decode-numeric-character-reference/-/micromark-util-decode-numeric-character-reference-2.0.2.tgz 0ms (cache hit)
711 http cache micromark-util-encode@https://registry.npmjs.org/micromark-util-encode/-/micromark-util-encode-2.0.1.tgz 0ms (cache hit)
712 http cache micromark-util-combine-extensions@https://registry.npmjs.org/micromark-util-combine-extensions/-/micromark-util-combine-extensions-2.0.1.tgz 0ms (cache hit)
713 http cache micromark-util-classify-character@https://registry.npmjs.org/micromark-util-classify-character/-/micromark-util-classify-character-2.0.1.tgz 0ms (cache hit)
714 http cache micromark-util-character@https://registry.npmjs.org/micromark-util-character/-/micromark-util-character-2.1.1.tgz 0ms (cache hit)
715 http cache micromark-factory-whitespace@https://registry.npmjs.org/micromark-factory-whitespace/-/micromark-factory-whitespace-2.0.1.tgz 0ms (cache hit)
716 http cache micromark-factory-title@https://registry.npmjs.org/micromark-factory-title/-/micromark-factory-title-2.0.1.tgz 0ms (cache hit)
717 http cache micromark-util-chunked@https://registry.npmjs.org/micromark-util-chunked/-/micromark-util-chunked-2.0.1.tgz 0ms (cache hit)
718 http cache micromark-factory-space@https://registry.npmjs.org/micromark-factory-space/-/micromark-factory-space-2.0.1.tgz 0ms (cache hit)
719 http cache micromark-factory-label@https://registry.npmjs.org/micromark-factory-label/-/micromark-factory-label-2.0.1.tgz 0ms (cache hit)
720 http cache micromark-factory-destination@https://registry.npmjs.org/micromark-factory-destination/-/micromark-factory-destination-2.0.1.tgz 0ms (cache hit)
721 http cache micromark-extension-mdxjs-esm@https://registry.npmjs.org/micromark-extension-mdxjs-esm/-/micromark-extension-mdxjs-esm-3.0.0.tgz 0ms (cache hit)
722 http cache micromark-extension-mdxjs@https://registry.npmjs.org/micromark-extension-mdxjs/-/micromark-extension-mdxjs-3.0.0.tgz 0ms (cache hit)
723 http cache micromark-util-subtokenize@https://registry.npmjs.org/micromark-util-subtokenize/-/micromark-util-subtokenize-2.1.0.tgz 0ms (cache hit)
724 http cache micromark-factory-mdx-expression@https://registry.npmjs.org/micromark-factory-mdx-expression/-/micromark-factory-mdx-expression-2.0.3.tgz 0ms (cache hit)
725 http cache micromark-extension-mdx-md@https://registry.npmjs.org/micromark-extension-mdx-md/-/micromark-extension-mdx-md-2.0.0.tgz 0ms (cache hit)
726 http cache micromark-extension-mdx-jsx@https://registry.npmjs.org/micromark-extension-mdx-jsx/-/micromark-extension-mdx-jsx-3.0.2.tgz 0ms (cache hit)
727 http cache micromark-extension-gfm-task-list-item@https://registry.npmjs.org/micromark-extension-gfm-task-list-item/-/micromark-extension-gfm-task-list-item-2.1.0.tgz 0ms (cache hit)
728 http cache micromark-extension-gfm-table@https://registry.npmjs.org/micromark-extension-gfm-table/-/micromark-extension-gfm-table-2.1.1.tgz 0ms (cache hit)
729 http cache micromark-extension-gfm-strikethrough@https://registry.npmjs.org/micromark-extension-gfm-strikethrough/-/micromark-extension-gfm-strikethrough-2.1.0.tgz 0ms (cache hit)
730 http cache micromark-extension-gfm-footnote@https://registry.npmjs.org/micromark-extension-gfm-footnote/-/micromark-extension-gfm-footnote-2.1.0.tgz 0ms (cache hit)
731 http cache micromark-extension-gfm-autolink-literal@https://registry.npmjs.org/micromark-extension-gfm-autolink-literal/-/micromark-extension-gfm-autolink-literal-2.1.0.tgz 0ms (cache hit)
732 http cache micromark-extension-gfm@https://registry.npmjs.org/micromark-extension-gfm/-/micromark-extension-gfm-3.0.0.tgz 0ms (cache hit)
733 http cache micromark-core-commonmark@https://registry.npmjs.org/micromark-core-commonmark/-/micromark-core-commonmark-2.0.3.tgz 0ms (cache hit)
734 http cache micromark@https://registry.npmjs.org/micromark/-/micromark-4.0.2.tgz 0ms (cache hit)
735 http cache micromark-extension-directive@https://registry.npmjs.org/micromark-extension-directive/-/micromark-extension-directive-4.0.0.tgz 0ms (cache hit)
736 http cache micromark-extension-gfm-tagfilter@https://registry.npmjs.org/micromark-extension-gfm-tagfilter/-/micromark-extension-gfm-tagfilter-2.0.0.tgz 0ms (cache hit)
737 http cache methods@https://registry.npmjs.org/methods/-/methods-1.1.2.tgz 0ms (cache hit)
738 http cache merge-descriptors@https://registry.npmjs.org/merge-descriptors/-/merge-descriptors-1.0.3.tgz 0ms (cache hit)
739 http cache mdast-util-to-string@https://registry.npmjs.org/mdast-util-to-string/-/mdast-util-to-string-4.0.0.tgz 0ms (cache hit)
740 http cache mdn-data@https://registry.npmjs.org/mdn-data/-/mdn-data-2.0.30.tgz 0ms (cache hit)
741 http cache mdast-util-phrasing@https://registry.npmjs.org/mdast-util-phrasing/-/mdast-util-phrasing-4.1.0.tgz 0ms (cache hit)
742 http cache mdast-util-to-markdown@https://registry.npmjs.org/mdast-util-to-markdown/-/mdast-util-to-markdown-2.1.2.tgz 0ms (cache hit)
743 http cache mdast-util-to-hast@https://registry.npmjs.org/mdast-util-to-hast/-/mdast-util-to-hast-13.2.1.tgz 0ms (cache hit)
744 http cache mdast-util-mdxjs-esm@https://registry.npmjs.org/mdast-util-mdxjs-esm/-/mdast-util-mdxjs-esm-2.0.1.tgz 0ms (cache hit)
745 http cache mdast-util-mdx-jsx@https://registry.npmjs.org/mdast-util-mdx-jsx/-/mdast-util-mdx-jsx-3.2.0.tgz 0ms (cache hit)
746 http cache mdast-util-mdx-expression@https://registry.npmjs.org/mdast-util-mdx-expression/-/mdast-util-mdx-expression-2.0.1.tgz 0ms (cache hit)
747 http cache mdast-util-mdx@https://registry.npmjs.org/mdast-util-mdx/-/mdast-util-mdx-3.0.0.tgz 0ms (cache hit)
748 http cache micromark-extension-mdx-expression@https://registry.npmjs.org/micromark-extension-mdx-expression/-/micromark-extension-mdx-expression-3.0.1.tgz 0ms (cache hit)
749 http cache mdast-util-gfm-table@https://registry.npmjs.org/mdast-util-gfm-table/-/mdast-util-gfm-table-2.0.0.tgz 0ms (cache hit)
750 http cache mdast-util-gfm-strikethrough@https://registry.npmjs.org/mdast-util-gfm-strikethrough/-/mdast-util-gfm-strikethrough-2.0.0.tgz 0ms (cache hit)
751 http cache mdast-util-gfm-footnote@https://registry.npmjs.org/mdast-util-gfm-footnote/-/mdast-util-gfm-footnote-2.1.0.tgz 0ms (cache hit)
752 http cache media-typer@https://registry.npmjs.org/media-typer/-/media-typer-0.3.0.tgz 0ms (cache hit)
753 http cache mdast-util-gfm-autolink-literal@https://registry.npmjs.org/mdast-util-gfm-autolink-literal/-/mdast-util-gfm-autolink-literal-2.0.1.tgz 0ms (cache hit)
754 http cache mdast-util-gfm@https://registry.npmjs.org/mdast-util-gfm/-/mdast-util-gfm-3.1.0.tgz 0ms (cache hit)
755 http cache mdast-util-from-markdown@https://registry.npmjs.org/mdast-util-from-markdown/-/mdast-util-from-markdown-2.0.3.tgz 0ms (cache hit)
756 http cache mdast-util-gfm-task-list-item@https://registry.npmjs.org/mdast-util-gfm-task-list-item/-/mdast-util-gfm-task-list-item-2.0.0.tgz 0ms (cache hit)
757 http cache mdast-util-find-and-replace@https://registry.npmjs.org/mdast-util-find-and-replace/-/mdast-util-find-and-replace-3.0.2.tgz 0ms (cache hit)
758 http cache markdown-extensions@https://registry.npmjs.org/markdown-extensions/-/markdown-extensions-2.0.0.tgz 0ms (cache hit)
759 http cache math-intrinsics@https://registry.npmjs.org/math-intrinsics/-/math-intrinsics-1.1.0.tgz 0ms (cache hit)
760 http cache mdast-util-directive@https://registry.npmjs.org/mdast-util-directive/-/mdast-util-directive-3.1.0.tgz 0ms (cache hit)
761 http cache magic-string@https://registry.npmjs.org/magic-string/-/magic-string-0.30.21.tgz 0ms (cache hit)
762 http cache magicast@https://registry.npmjs.org/magicast/-/magicast-0.5.3.tgz 0ms (cache hit)
763 http cache lru-cache@https://registry.npmjs.org/lru-cache/-/lru-cache-10.4.3.tgz 0ms (cache hit)
764 http cache loupe@https://registry.npmjs.org/loupe/-/loupe-3.2.1.tgz 0ms (cache hit)
765 http cache longest-streak@https://registry.npmjs.org/longest-streak/-/longest-streak-3.1.0.tgz 0ms (cache hit)
766 http cache mdast-util-definitions@https://registry.npmjs.org/mdast-util-definitions/-/mdast-util-definitions-6.0.0.tgz 0ms (cache hit)
767 http cache markdown-table@https://registry.npmjs.org/markdown-table/-/markdown-table-3.0.4.tgz 0ms (cache hit)
768 http cache lodash@https://registry.npmjs.org/lodash/-/lodash-4.18.1.tgz 0ms (cache hit)
769 http cache locate-character@https://registry.npmjs.org/locate-character/-/locate-character-3.0.0.tgz 0ms (cache hit)
770 http cache lightningcss@https://registry.npmjs.org/lightningcss/-/lightningcss-1.32.0.tgz 0ms (cache hit)
771 http cache lazystream@https://registry.npmjs.org/lazystream/-/lazystream-1.0.1.tgz 0ms (cache hit)
772 http cache js-yaml@https://registry.npmjs.org/js-yaml/-/js-yaml-4.3.0.tgz 0ms (cache hit)
773 http cache js-tokens@https://registry.npmjs.org/js-tokens/-/js-tokens-9.0.1.tgz 0ms (cache hit)
774 http cache lightningcss-darwin-arm64@https://registry.npmjs.org/lightningcss-darwin-arm64/-/lightningcss-darwin-arm64-1.32.0.tgz 0ms (cache hit)
775 http cache jackspeak@https://registry.npmjs.org/jackspeak/-/jackspeak-3.4.3.tgz 0ms (cache hit)
776 http cache klona@https://registry.npmjs.org/klona/-/klona-2.0.6.tgz 0ms (cache hit)
777 http cache isexe@https://registry.npmjs.org/isexe/-/isexe-2.0.0.tgz 0ms (cache hit)
778 http cache isarray@https://registry.npmjs.org/isarray/-/isarray-1.0.0.tgz 0ms (cache hit)
779 http cache is-wsl@https://registry.npmjs.org/is-wsl/-/is-wsl-3.1.1.tgz 0ms (cache hit)
780 http cache jsonc-parser@https://registry.npmjs.org/jsonc-parser/-/jsonc-parser-3.3.1.tgz 0ms (cache hit)
781 http cache is-plain-obj@https://registry.npmjs.org/is-plain-obj/-/is-plain-obj-4.1.0.tgz 0ms (cache hit)
782 http cache is-stream@https://registry.npmjs.org/is-stream/-/is-stream-2.0.1.tgz 0ms (cache hit)
783 http cache is-reference@https://registry.npmjs.org/is-reference/-/is-reference-3.0.3.tgz 0ms (cache hit)
784 http cache is-hexadecimal@https://registry.npmjs.org/is-hexadecimal/-/is-hexadecimal-2.0.1.tgz 0ms (cache hit)
785 http cache lucide-svelte@https://registry.npmjs.org/lucide-svelte/-/lucide-svelte-0.577.0.tgz 0ms (cache hit)
786 http cache is-inside-container@https://registry.npmjs.org/is-inside-container/-/is-inside-container-1.0.0.tgz 0ms (cache hit)
787 http cache is-glob@https://registry.npmjs.org/is-glob/-/is-glob-4.0.3.tgz 0ms (cache hit)
788 http cache is-extglob@https://registry.npmjs.org/is-extglob/-/is-extglob-2.1.1.tgz 0ms (cache hit)
789 http cache is-docker@https://registry.npmjs.org/is-docker/-/is-docker-4.0.0.tgz 0ms (cache hit)
790 http cache is-decimal@https://registry.npmjs.org/is-decimal/-/is-decimal-2.0.1.tgz 0ms (cache hit)
791 http cache is-fullwidth-code-point@https://registry.npmjs.org/is-fullwidth-code-point/-/is-fullwidth-code-point-3.0.0.tgz 0ms (cache hit)
792 http cache is-alphanumerical@https://registry.npmjs.org/is-alphanumerical/-/is-alphanumerical-2.0.1.tgz 0ms (cache hit)
793 http cache is-binary-path@https://registry.npmjs.org/is-binary-path/-/is-binary-path-2.1.0.tgz 0ms (cache hit)
794 http cache iron-webcrypto@https://registry.npmjs.org/iron-webcrypto/-/iron-webcrypto-1.2.1.tgz 0ms (cache hit)
795 http cache is-number@https://registry.npmjs.org/is-number/-/is-number-7.0.0.tgz 0ms (cache hit)
796 http cache ipaddr.js@https://registry.npmjs.org/ipaddr.js/-/ipaddr.js-1.9.1.tgz 0ms (cache hit)
797 http cache inline-style-parser@https://registry.npmjs.org/inline-style-parser/-/inline-style-parser-0.2.7.tgz 0ms (cache hit)
798 http cache is-alphabetical@https://registry.npmjs.org/is-alphabetical/-/is-alphabetical-2.0.1.tgz 0ms (cache hit)
799 http cache ieee754@https://registry.npmjs.org/ieee754/-/ieee754-1.2.1.tgz 0ms (cache hit)
800 http cache inherits@https://registry.npmjs.org/inherits/-/inherits-2.0.4.tgz 0ms (cache hit)
801 http cache http-errors@https://registry.npmjs.org/http-errors/-/http-errors-2.0.1.tgz 0ms (cache hit)
802 http cache http-cache-semantics@https://registry.npmjs.org/http-cache-semantics/-/http-cache-semantics-4.2.0.tgz 0ms (cache hit)
803 http cache html-escaper@https://registry.npmjs.org/html-escaper/-/html-escaper-3.0.3.tgz 0ms (cache hit)
804 http cache hastscript@https://registry.npmjs.org/hastscript/-/hastscript-9.0.1.tgz 0ms (cache hit)
805 http cache html-void-elements@https://registry.npmjs.org/html-void-elements/-/html-void-elements-3.0.0.tgz 0ms (cache hit)
806 http cache i18next@https://registry.npmjs.org/i18next/-/i18next-26.3.4.tgz 0ms (cache hit)
807 http cache hast-util-whitespace@https://registry.npmjs.org/hast-util-whitespace/-/hast-util-whitespace-3.0.0.tgz 0ms (cache hit)
808 http cache hast-util-to-estree@https://registry.npmjs.org/hast-util-to-estree/-/hast-util-to-estree-3.1.3.tgz 0ms (cache hit)
809 http cache hast-util-to-jsx-runtime@https://registry.npmjs.org/hast-util-to-jsx-runtime/-/hast-util-to-jsx-runtime-2.3.6.tgz 0ms (cache hit)
810 http cache iconv-lite@https://registry.npmjs.org/iconv-lite/-/iconv-lite-0.4.24.tgz 0ms (cache hit)
811 http cache html-whitespace-sensitive-tag-names@https://registry.npmjs.org/html-whitespace-sensitive-tag-names/-/html-whitespace-sensitive-tag-names-3.0.1.tgz 0ms (cache hit)
812 http cache hast-util-to-string@https://registry.npmjs.org/hast-util-to-string/-/hast-util-to-string-3.0.1.tgz 0ms (cache hit)
813 http cache hast-util-raw@https://registry.npmjs.org/hast-util-raw/-/hast-util-raw-9.1.0.tgz 0ms (cache hit)
814 http cache hast-util-to-text@https://registry.npmjs.org/hast-util-to-text/-/hast-util-to-text-4.0.2.tgz 0ms (cache hit)
815 http cache hast-util-select@https://registry.npmjs.org/hast-util-select/-/hast-util-select-6.0.4.tgz 0ms (cache hit)
816 http cache hast-util-to-html@https://registry.npmjs.org/hast-util-to-html/-/hast-util-to-html-9.0.5.tgz 0ms (cache hit)
817 http cache hast-util-phrasing@https://registry.npmjs.org/hast-util-phrasing/-/hast-util-phrasing-3.0.1.tgz 0ms (cache hit)
818 http cache hast-util-is-body-ok-link@https://registry.npmjs.org/hast-util-is-body-ok-link/-/hast-util-is-body-ok-link-3.0.1.tgz 0ms (cache hit)
819 http cache hast-util-to-parse5@https://registry.npmjs.org/hast-util-to-parse5/-/hast-util-to-parse5-8.0.1.tgz 0ms (cache hit)
820 http cache hast-util-is-element@https://registry.npmjs.org/hast-util-is-element/-/hast-util-is-element-3.0.0.tgz 0ms (cache hit)
821 http cache hast-util-has-property@https://registry.npmjs.org/hast-util-has-property/-/hast-util-has-property-3.0.0.tgz 0ms (cache hit)
822 http cache has-symbols@https://registry.npmjs.org/has-symbols/-/has-symbols-1.1.0.tgz 0ms (cache hit)
823 http cache hast-util-from-html@https://registry.npmjs.org/hast-util-from-html/-/hast-util-from-html-2.0.3.tgz 0ms (cache hit)
824 http cache hast-util-embedded@https://registry.npmjs.org/hast-util-embedded/-/hast-util-embedded-3.0.0.tgz 0ms (cache hit)
825 http cache hast-util-parse-selector@https://registry.npmjs.org/hast-util-parse-selector/-/hast-util-parse-selector-4.0.0.tgz 0ms (cache hit)
826 http cache hasown@https://registry.npmjs.org/hasown/-/hasown-2.0.4.tgz 0ms (cache hit)
827 http cache hast-util-minify-whitespace@https://registry.npmjs.org/hast-util-minify-whitespace/-/hast-util-minify-whitespace-1.0.1.tgz 0ms (cache hit)
828 http cache hast-util-from-parse5@https://registry.npmjs.org/hast-util-from-parse5/-/hast-util-from-parse5-8.0.3.tgz 0ms (cache hit)
829 http cache gopd@https://registry.npmjs.org/gopd/-/gopd-1.2.0.tgz 0ms (cache hit)
830 http cache graceful-fs@https://registry.npmjs.org/graceful-fs/-/graceful-fs-4.2.11.tgz 0ms (cache hit)
831 http cache glob@https://registry.npmjs.org/glob/-/glob-10.5.0.tgz 0ms (cache hit)
832 http cache get-tsconfig@https://registry.npmjs.org/get-tsconfig/-/get-tsconfig-5.0.0-beta.4.tgz 0ms (cache hit)
833 http cache github-slugger@https://registry.npmjs.org/github-slugger/-/github-slugger-2.0.0.tgz 0ms (cache hit)
834 http cache hast-util-format@https://registry.npmjs.org/hast-util-format/-/hast-util-format-1.1.0.tgz 0ms (cache hit)
835 http cache glob-parent@https://registry.npmjs.org/glob-parent/-/glob-parent-5.1.2.tgz 0ms (cache hit)
836 http cache get-proto@https://registry.npmjs.org/get-proto/-/get-proto-1.0.1.tgz 0ms (cache hit)
837 http cache h3@https://registry.npmjs.org/h3/-/h3-1.15.11.tgz 0ms (cache hit)
838 http cache get-intrinsic@https://registry.npmjs.org/get-intrinsic/-/get-intrinsic-1.3.0.tgz 0ms (cache hit)
839 http cache function-bind@https://registry.npmjs.org/function-bind/-/function-bind-1.1.2.tgz 0ms (cache hit)
840 http cache fresh@https://registry.npmjs.org/fresh/-/fresh-0.5.2.tgz 0ms (cache hit)
841 http cache fontkitten@https://registry.npmjs.org/fontkitten/-/fontkitten-1.0.3.tgz 0ms (cache hit)
842 http cache fontace@https://registry.npmjs.org/fontace/-/fontace-0.4.1.tgz 0ms (cache hit)
843 http cache forwarded@https://registry.npmjs.org/forwarded/-/forwarded-0.2.0.tgz 0ms (cache hit)
844 http cache flattie@https://registry.npmjs.org/flattie/-/flattie-1.1.1.tgz 0ms (cache hit)
845 http cache fsevents@https://registry.npmjs.org/fsevents/-/fsevents-2.3.3.tgz 0ms (cache hit)
846 http cache fill-range@https://registry.npmjs.org/fill-range/-/fill-range-7.1.1.tgz 0ms (cache hit)
847 http cache foreground-child@https://registry.npmjs.org/foreground-child/-/foreground-child-3.3.1.tgz 0ms (cache hit)
848 http cache finalhandler@https://registry.npmjs.org/finalhandler/-/finalhandler-1.3.2.tgz 0ms (cache hit)
849 http cache fast-wrap-ansi@https://registry.npmjs.org/fast-wrap-ansi/-/fast-wrap-ansi-0.2.2.tgz 0ms (cache hit)
850 http cache fast-string-truncated-width@https://registry.npmjs.org/fast-string-truncated-width/-/fast-string-truncated-width-3.0.3.tgz 0ms (cache hit)
851 http cache fast-fifo@https://registry.npmjs.org/fast-fifo/-/fast-fifo-1.3.2.tgz 0ms (cache hit)
852 http cache expressive-code@https://registry.npmjs.org/expressive-code/-/expressive-code-0.44.0.tgz 0ms (cache hit)
853 http cache expect-type@https://registry.npmjs.org/expect-type/-/expect-type-1.3.0.tgz 0ms (cache hit)
854 http cache express@https://registry.npmjs.org/express/-/express-4.22.2.tgz 0ms (cache hit)
855 http cache fast-string-width@https://registry.npmjs.org/fast-string-width/-/fast-string-width-3.0.2.tgz 0ms (cache hit)
856 http cache extend@https://registry.npmjs.org/extend/-/extend-3.0.2.tgz 0ms (cache hit)
857 http cache events-universal@https://registry.npmjs.org/events-universal/-/events-universal-1.0.1.tgz 0ms (cache hit)
858 http cache events@https://registry.npmjs.org/events/-/events-3.3.0.tgz 0ms (cache hit)
859 http cache estree-walker@https://registry.npmjs.org/estree-walker/-/estree-walker-3.0.3.tgz 0ms (cache hit)
860 http cache eventemitter3@https://registry.npmjs.org/eventemitter3/-/eventemitter3-5.0.4.tgz 0ms (cache hit)
861 http cache estree-util-visit@https://registry.npmjs.org/estree-util-visit/-/estree-util-visit-2.0.0.tgz 0ms (cache hit)
862 http cache event-target-shim@https://registry.npmjs.org/event-target-shim/-/event-target-shim-5.0.1.tgz 0ms (cache hit)
863 http cache estree-util-attach-comments@https://registry.npmjs.org/estree-util-attach-comments/-/estree-util-attach-comments-3.0.0.tgz 0ms (cache hit)
864 http cache estree-util-is-identifier-name@https://registry.npmjs.org/estree-util-is-identifier-name/-/estree-util-is-identifier-name-3.0.0.tgz 0ms (cache hit)
865 http cache escape-string-regexp@https://registry.npmjs.org/escape-string-regexp/-/escape-string-regexp-5.0.0.tgz 0ms (cache hit)
866 http cache esbuild-svelte@https://registry.npmjs.org/esbuild-svelte/-/esbuild-svelte-0.9.4.tgz 0ms (cache hit)
867 http cache esast-util-from-estree@https://registry.npmjs.org/esast-util-from-estree/-/esast-util-from-estree-2.0.0.tgz 0ms (cache hit)
868 http cache estree-util-scope@https://registry.npmjs.org/estree-util-scope/-/estree-util-scope-1.0.0.tgz 0ms (cache hit)
869 http cache esast-util-from-js@https://registry.npmjs.org/esast-util-from-js/-/esast-util-from-js-2.0.1.tgz 0ms (cache hit)
870 http cache es-object-atoms@https://registry.npmjs.org/es-object-atoms/-/es-object-atoms-1.1.2.tgz 0ms (cache hit)
871 http cache estree-util-build-jsx@https://registry.npmjs.org/estree-util-build-jsx/-/estree-util-build-jsx-3.0.1.tgz 0ms (cache hit)
872 http cache es-errors@https://registry.npmjs.org/es-errors/-/es-errors-1.3.0.tgz 0ms (cache hit)
873 http cache es-module-lexer@https://registry.npmjs.org/es-module-lexer/-/es-module-lexer-1.7.0.tgz 0ms (cache hit)
874 http cache etag@https://registry.npmjs.org/etag/-/etag-1.8.1.tgz 0ms (cache hit)
875 http cache estree-util-to-js@https://registry.npmjs.org/estree-util-to-js/-/estree-util-to-js-2.0.0.tgz 0ms (cache hit)
876 http cache escape-html@https://registry.npmjs.org/escape-html/-/escape-html-1.0.3.tgz 0ms (cache hit)
877 http cache entities@https://registry.npmjs.org/entities/-/entities-6.0.1.tgz 0ms (cache hit)
878 http cache ee-first@https://registry.npmjs.org/ee-first/-/ee-first-1.1.1.tgz 0ms (cache hit)
879 http cache eastasianwidth@https://registry.npmjs.org/eastasianwidth/-/eastasianwidth-0.2.0.tgz 0ms (cache hit)
880 http cache emoji-regex@https://registry.npmjs.org/emoji-regex/-/emoji-regex-9.2.2.tgz 0ms (cache hit)
881 http cache domutils@https://registry.npmjs.org/domutils/-/domutils-3.2.2.tgz 0ms (cache hit)
882 http cache domhandler@https://registry.npmjs.org/domhandler/-/domhandler-5.0.3.tgz 0ms (cache hit)
883 http cache dset@https://registry.npmjs.org/dset/-/dset-3.1.4.tgz 0ms (cache hit)
884 http cache es-define-property@https://registry.npmjs.org/es-define-property/-/es-define-property-1.0.1.tgz 0ms (cache hit)
885 http cache domelementtype@https://registry.npmjs.org/domelementtype/-/domelementtype-2.3.0.tgz 0ms (cache hit)
886 http cache encodeurl@https://registry.npmjs.org/encodeurl/-/encodeurl-2.0.0.tgz 0ms (cache hit)
887 http cache direction@https://registry.npmjs.org/direction/-/direction-2.0.1.tgz 0ms (cache hit)
888 http cache devlop@https://registry.npmjs.org/devlop/-/devlop-1.1.0.tgz 0ms (cache hit)
889 http cache diff@https://registry.npmjs.org/diff/-/diff-8.0.4.tgz 0ms (cache hit)
890 http cache devalue@https://registry.npmjs.org/devalue/-/devalue-5.8.1.tgz 0ms (cache hit)
891 http cache destr@https://registry.npmjs.org/destr/-/destr-2.0.5.tgz 0ms (cache hit)
892 http cache destroy@https://registry.npmjs.org/destroy/-/destroy-1.2.0.tgz 0ms (cache hit)
893 http cache detect-libc@https://registry.npmjs.org/detect-libc/-/detect-libc-2.1.2.tgz 0ms (cache hit)
894 http cache dequal@https://registry.npmjs.org/dequal/-/dequal-2.0.3.tgz 0ms (cache hit)
895 http cache dom-serializer@https://registry.npmjs.org/dom-serializer/-/dom-serializer-2.0.0.tgz 0ms (cache hit)
896 http cache defu@https://registry.npmjs.org/defu/-/defu-6.1.7.tgz 0ms (cache hit)
897 http cache dunder-proto@https://registry.npmjs.org/dunder-proto/-/dunder-proto-1.0.1.tgz 0ms (cache hit)
898 http cache decode-named-character-reference@https://registry.npmjs.org/decode-named-character-reference/-/decode-named-character-reference-1.3.0.tgz 0ms (cache hit)
899 http cache debug@https://registry.npmjs.org/debug/-/debug-2.6.9.tgz 0ms (cache hit)
900 http cache cssesc@https://registry.npmjs.org/cssesc/-/cssesc-3.0.0.tgz 0ms (cache hit)
901 http cache csso@https://registry.npmjs.org/csso/-/csso-5.0.5.tgz 0ms (cache hit)
902 http cache depd@https://registry.npmjs.org/depd/-/depd-2.0.0.tgz 0ms (cache hit)
903 http cache deep-eql@https://registry.npmjs.org/deep-eql/-/deep-eql-5.0.2.tgz 0ms (cache hit)
904 http cache css-what@https://registry.npmjs.org/css-what/-/css-what-6.2.2.tgz 0ms (cache hit)
905 http cache css-tree@https://registry.npmjs.org/css-tree/-/css-tree-2.3.1.tgz 0ms (cache hit)
906 http cache crossws@https://registry.npmjs.org/crossws/-/crossws-0.3.5.tgz 0ms (cache hit)
907 http cache cross-spawn@https://registry.npmjs.org/cross-spawn/-/cross-spawn-7.0.6.tgz 0ms (cache hit)
908 http cache crc32-stream@https://registry.npmjs.org/crc32-stream/-/crc32-stream-6.0.0.tgz 0ms (cache hit)
909 http cache crc-32@https://registry.npmjs.org/crc-32/-/crc-32-1.2.2.tgz 0ms (cache hit)
910 http cache cors@https://registry.npmjs.org/cors/-/cors-2.8.6.tgz 0ms (cache hit)
911 http cache css-selector-parser@https://registry.npmjs.org/css-selector-parser/-/css-selector-parser-3.3.0.tgz 0ms (cache hit)
912 http cache core-util-is@https://registry.npmjs.org/core-util-is/-/core-util-is-1.0.3.tgz 0ms (cache hit)
913 http cache cookie-signature@https://registry.npmjs.org/cookie-signature/-/cookie-signature-1.0.7.tgz 0ms (cache hit)
914 http cache cookie-es@https://registry.npmjs.org/cookie-es/-/cookie-es-1.2.3.tgz 0ms (cache hit)
915 http cache content-type@https://registry.npmjs.org/content-type/-/content-type-1.0.5.tgz 0ms (cache hit)
916 http cache content-disposition@https://registry.npmjs.org/content-disposition/-/content-disposition-0.5.4.tgz 0ms (cache hit)
917 http cache compression@https://registry.npmjs.org/compression/-/compression-1.8.1.tgz 0ms (cache hit)
918 http cache compressible@https://registry.npmjs.org/compressible/-/compressible-2.0.18.tgz 0ms (cache hit)
919 http cache compress-commons@https://registry.npmjs.org/compress-commons/-/compress-commons-6.0.2.tgz 0ms (cache hit)
920 http cache common-ancestor-path@https://registry.npmjs.org/common-ancestor-path/-/common-ancestor-path-2.0.0.tgz 0ms (cache hit)
921 http cache commander@https://registry.npmjs.org/commander/-/commander-11.1.0.tgz 0ms (cache hit)
922 http cache comma-separated-tokens@https://registry.npmjs.org/comma-separated-tokens/-/comma-separated-tokens-2.0.3.tgz 0ms (cache hit)
923 http cache color-name@https://registry.npmjs.org/color-name/-/color-name-1.1.4.tgz 0ms (cache hit)
924 http cache color-convert@https://registry.npmjs.org/color-convert/-/color-convert-2.0.1.tgz 0ms (cache hit)
925 http cache collapse-white-space@https://registry.npmjs.org/collapse-white-space/-/collapse-white-space-2.1.0.tgz 0ms (cache hit)
926 http cache code-red@https://registry.npmjs.org/code-red/-/code-red-1.0.4.tgz 0ms (cache hit)
927 http cache clsx@https://registry.npmjs.org/clsx/-/clsx-2.1.1.tgz 0ms (cache hit)
928 http cache chokidar@https://registry.npmjs.org/chokidar/-/chokidar-3.6.0.tgz 0ms (cache hit)
929 http cache ci-info@https://registry.npmjs.org/ci-info/-/ci-info-4.4.0.tgz 0ms (cache hit)
930 http cache character-reference-invalid@https://registry.npmjs.org/character-reference-invalid/-/character-reference-invalid-2.0.1.tgz 0ms (cache hit)
931 http cache check-error@https://registry.npmjs.org/check-error/-/check-error-2.1.3.tgz 0ms (cache hit)
932 http cache character-entities-legacy@https://registry.npmjs.org/character-entities-legacy/-/character-entities-legacy-3.0.0.tgz 0ms (cache hit)
933 http cache character-entities-html4@https://registry.npmjs.org/character-entities-html4/-/character-entities-html4-2.1.0.tgz 0ms (cache hit)
934 http cache character-entities@https://registry.npmjs.org/character-entities/-/character-entities-2.0.2.tgz 0ms (cache hit)
935 http cache chai@https://registry.npmjs.org/chai/-/chai-5.3.3.tgz 0ms (cache hit)
936 http cache ccount@https://registry.npmjs.org/ccount/-/ccount-2.0.1.tgz 0ms (cache hit)
937 http cache call-bound@https://registry.npmjs.org/call-bound/-/call-bound-1.0.4.tgz 0ms (cache hit)
938 http cache call-bind-apply-helpers@https://registry.npmjs.org/call-bind-apply-helpers/-/call-bind-apply-helpers-1.0.2.tgz 0ms (cache hit)
939 http cache cac@https://registry.npmjs.org/cac/-/cac-6.7.14.tgz 0ms (cache hit)
940 http cache bytes@https://registry.npmjs.org/bytes/-/bytes-3.1.2.tgz 0ms (cache hit)
941 http cache buffer-crc32@https://registry.npmjs.org/buffer-crc32/-/buffer-crc32-1.0.0.tgz 0ms (cache hit)
942 http cache buffer@https://registry.npmjs.org/buffer/-/buffer-6.0.3.tgz 0ms (cache hit)
943 http cache braces@https://registry.npmjs.org/braces/-/braces-3.0.3.tgz 0ms (cache hit)
944 http cache brace-expansion@https://registry.npmjs.org/brace-expansion/-/brace-expansion-2.1.1.tgz 0ms (cache hit)
945 http cache boolbase@https://registry.npmjs.org/boolbase/-/boolbase-1.0.0.tgz 0ms (cache hit)
946 http cache binary-extensions@https://registry.npmjs.org/binary-extensions/-/binary-extensions-2.3.0.tgz 0ms (cache hit)
947 http cache bcp-47@https://registry.npmjs.org/bcp-47/-/bcp-47-2.1.1.tgz 0ms (cache hit)
948 http cache bcp-47-match@https://registry.npmjs.org/bcp-47-match/-/bcp-47-match-2.0.3.tgz 0ms (cache hit)
949 http cache base64-js@https://registry.npmjs.org/base64-js/-/base64-js-1.5.1.tgz 0ms (cache hit)
950 http cache bare-stream@https://registry.npmjs.org/bare-stream/-/bare-stream-2.11.0.tgz 0ms (cache hit)
951 http cache bare-url@https://registry.npmjs.org/bare-url/-/bare-url-2.4.0.tgz 0ms (cache hit)
952 http cache bare-path@https://registry.npmjs.org/bare-path/-/bare-path-3.0.0.tgz 0ms (cache hit)
953 http cache body-parser@https://registry.npmjs.org/body-parser/-/body-parser-1.20.5.tgz 0ms (cache hit)
954 http cache bare-fs@https://registry.npmjs.org/bare-fs/-/bare-fs-4.5.6.tgz 0ms (cache hit)
955 http cache bare-os@https://registry.npmjs.org/bare-os/-/bare-os-3.8.0.tgz 0ms (cache hit)
956 http cache bare-events@https://registry.npmjs.org/bare-events/-/bare-events-2.8.2.tgz 0ms (cache hit)
957 http cache balanced-match@https://registry.npmjs.org/balanced-match/-/balanced-match-1.0.2.tgz 0ms (cache hit)
958 http cache bail@https://registry.npmjs.org/bail/-/bail-2.0.2.tgz 0ms (cache hit)
959 http cache b4a@https://registry.npmjs.org/b4a/-/b4a-1.8.0.tgz 0ms (cache hit)
960 http cache axobject-query@https://registry.npmjs.org/axobject-query/-/axobject-query-4.1.0.tgz 0ms (cache hit)
961 http cache async@https://registry.npmjs.org/async/-/async-3.2.6.tgz 0ms (cache hit)
962 http cache astro@https://registry.npmjs.org/astro/-/astro-7.0.6.tgz 0ms (cache hit)
963 http cache astring@https://registry.npmjs.org/astring/-/astring-1.9.0.tgz 0ms (cache hit)
964 http cache assertion-error@https://registry.npmjs.org/assertion-error/-/assertion-error-2.0.1.tgz 0ms (cache hit)
965 http cache array-iterate@https://registry.npmjs.org/array-iterate/-/array-iterate-2.0.1.tgz 0ms (cache hit)
966 http cache array-flatten@https://registry.npmjs.org/array-flatten/-/array-flatten-1.1.1.tgz 0ms (cache hit)
967 http cache cookie@https://registry.npmjs.org/cookie/-/cookie-0.7.2.tgz 0ms (cache hit)
968 http cache aria-query@https://registry.npmjs.org/aria-query/-/aria-query-5.3.2.tgz 0ms (cache hit)
969 http cache argparse@https://registry.npmjs.org/argparse/-/argparse-2.0.1.tgz 0ms (cache hit)
970 http cache astro-expressive-code@https://registry.npmjs.org/astro-expressive-code/-/astro-expressive-code-0.44.0.tgz 0ms (cache hit)
971 http cache archiver-utils@https://registry.npmjs.org/archiver-utils/-/archiver-utils-5.0.2.tgz 0ms (cache hit)
972 http cache ansi-styles@https://registry.npmjs.org/ansi-styles/-/ansi-styles-6.2.3.tgz 0ms (cache hit)
973 http cache archiver@https://registry.npmjs.org/archiver/-/archiver-7.0.1.tgz 0ms (cache hit)
974 http cache ansi-regex@https://registry.npmjs.org/ansi-regex/-/ansi-regex-6.2.2.tgz 0ms (cache hit)
975 http cache am-i-vibing@https://registry.npmjs.org/am-i-vibing/-/am-i-vibing-0.4.0.tgz 0ms (cache hit)
976 http cache acorn-jsx@https://registry.npmjs.org/acorn-jsx/-/acorn-jsx-5.3.2.tgz 0ms (cache hit)
977 http cache accepts@https://registry.npmjs.org/accepts/-/accepts-1.3.8.tgz 0ms (cache hit)
978 http cache acorn@https://registry.npmjs.org/acorn/-/acorn-8.16.0.tgz 0ms (cache hit)
979 http cache abort-controller@https://registry.npmjs.org/abort-controller/-/abort-controller-3.0.0.tgz 0ms (cache hit)
980 http cache @vitest/utils@https://registry.npmjs.org/@vitest/utils/-/utils-3.2.6.tgz 0ms (cache hit)
981 http cache anymatch@https://registry.npmjs.org/anymatch/-/anymatch-3.1.3.tgz 0ms (cache hit)
982 http cache arg@https://registry.npmjs.org/arg/-/arg-5.0.2.tgz 0ms (cache hit)
983 http cache @vitest/spy@https://registry.npmjs.org/@vitest/spy/-/spy-3.2.6.tgz 0ms (cache hit)
984 http cache @vitest/snapshot@https://registry.npmjs.org/@vitest/snapshot/-/snapshot-3.2.6.tgz 0ms (cache hit)
985 http cache @vitest/runner@https://registry.npmjs.org/@vitest/runner/-/runner-3.2.6.tgz 0ms (cache hit)
986 http cache css-select@https://registry.npmjs.org/css-select/-/css-select-5.2.2.tgz 0ms (cache hit)
987 http cache @vitest/mocker@https://registry.npmjs.org/@vitest/mocker/-/mocker-3.2.6.tgz 0ms (cache hit)
988 http cache @ungap/structured-clone@https://registry.npmjs.org/@ungap/structured-clone/-/structured-clone-1.3.2.tgz 0ms (cache hit)
989 http cache @types/unist@https://registry.npmjs.org/@types/unist/-/unist-3.0.3.tgz 0ms (cache hit)
990 http cache @types/nlcst@https://registry.npmjs.org/@types/nlcst/-/nlcst-2.0.3.tgz 0ms (cache hit)
991 http cache @types/node@https://registry.npmjs.org/@types/node/-/node-24.13.2.tgz 0ms (cache hit)
992 http cache @types/ms@https://registry.npmjs.org/@types/ms/-/ms-2.1.0.tgz 0ms (cache hit)
993 http cache @types/mdx@https://registry.npmjs.org/@types/mdx/-/mdx-2.0.14.tgz 0ms (cache hit)
994 http cache @types/mdast@https://registry.npmjs.org/@types/mdast/-/mdast-4.0.4.tgz 0ms (cache hit)
995 http cache @vitest/expect@https://registry.npmjs.org/@vitest/expect/-/expect-3.2.6.tgz 0ms (cache hit)
996 http cache @vitest/pretty-format@https://registry.npmjs.org/@vitest/pretty-format/-/pretty-format-3.2.6.tgz 0ms (cache hit)
997 http cache @types/estree-jsx@https://registry.npmjs.org/@types/estree-jsx/-/estree-jsx-1.0.5.tgz 0ms (cache hit)
998 http cache @types/js-yaml@https://registry.npmjs.org/@types/js-yaml/-/js-yaml-4.0.9.tgz 0ms (cache hit)
999 http cache @types/deep-eql@https://registry.npmjs.org/@types/deep-eql/-/deep-eql-4.0.2.tgz 0ms (cache hit)
1000 http cache @types/debug@https://registry.npmjs.org/@types/debug/-/debug-4.1.13.tgz 0ms (cache hit)
1001 http cache @types/hast@https://registry.npmjs.org/@types/hast/-/hast-3.0.4.tgz 0ms (cache hit)
1002 http cache @types/sax@https://registry.npmjs.org/@types/sax/-/sax-1.2.7.tgz 0ms (cache hit)
1003 http cache @types/chai@https://registry.npmjs.org/@types/chai/-/chai-5.2.3.tgz 0ms (cache hit)
1004 http cache @tybys/wasm-util@https://registry.npmjs.org/@tybys/wasm-util/-/wasm-util-0.10.3.tgz 0ms (cache hit)
1005 http cache @shikijs/types@https://registry.npmjs.org/@shikijs/types/-/types-4.3.1.tgz 0ms (cache hit)
1006 http cache @shikijs/primitive@https://registry.npmjs.org/@shikijs/primitive/-/primitive-4.3.1.tgz 0ms (cache hit)
1007 http cache @shikijs/themes@https://registry.npmjs.org/@shikijs/themes/-/themes-4.3.1.tgz 0ms (cache hit)
1008 http cache @types/estree@https://registry.npmjs.org/@types/estree/-/estree-1.0.8.tgz 0ms (cache hit)
1009 http cache @shikijs/engine-oniguruma@https://registry.npmjs.org/@shikijs/engine-oniguruma/-/engine-oniguruma-4.3.1.tgz 0ms (cache hit)
1010 http cache @rollup/rollup-darwin-arm64@https://registry.npmjs.org/@rollup/rollup-darwin-arm64/-/rollup-darwin-arm64-4.60.3.tgz 0ms (cache hit)
1011 http cache @shikijs/core@https://registry.npmjs.org/@shikijs/core/-/core-4.3.1.tgz 0ms (cache hit)
1012 http cache @shikijs/vscode-textmate@https://registry.npmjs.org/@shikijs/vscode-textmate/-/vscode-textmate-10.0.2.tgz 0ms (cache hit)
1013 http cache @rolldown/pluginutils@https://registry.npmjs.org/@rolldown/pluginutils/-/pluginutils-1.0.1.tgz 0ms (cache hit)
1014 http cache @shikijs/langs@https://registry.npmjs.org/@shikijs/langs/-/langs-4.3.1.tgz 0ms (cache hit)
1015 http cache @rollup/pluginutils@https://registry.npmjs.org/@rollup/pluginutils/-/pluginutils-5.4.0.tgz 0ms (cache hit)
1016 http cache @pkgjs/parseargs@https://registry.npmjs.org/@pkgjs/parseargs/-/parseargs-0.11.0.tgz 0ms (cache hit)
1017 http cache @pagefind/darwin-arm64@https://registry.npmjs.org/@pagefind/darwin-arm64/-/darwin-arm64-1.5.2.tgz 0ms (cache hit)
1018 http cache @rolldown/binding-darwin-arm64@https://registry.npmjs.org/@rolldown/binding-darwin-arm64/-/binding-darwin-arm64-1.1.4.tgz 0ms (cache hit)
1019 http cache @oxlint/binding-darwin-arm64@https://registry.npmjs.org/@oxlint/binding-darwin-arm64/-/binding-darwin-arm64-1.70.0.tgz 0ms (cache hit)
1020 http cache @pagefind/default-ui@https://registry.npmjs.org/@pagefind/default-ui/-/default-ui-1.5.2.tgz 0ms (cache hit)
1021 http cache @oxc-project/types@https://registry.npmjs.org/@oxc-project/types/-/types-0.138.0.tgz 0ms (cache hit)
1022 http cache @shikijs/engine-javascript@https://registry.npmjs.org/@shikijs/engine-javascript/-/engine-javascript-4.3.1.tgz 0ms (cache hit)
1023 http cache @mdx-js/mdx@https://registry.npmjs.org/@mdx-js/mdx/-/mdx-3.1.1.tgz 0ms (cache hit)
1024 http cache @oslojs/encoding@https://registry.npmjs.org/@oslojs/encoding/-/encoding-1.1.0.tgz 0ms (cache hit)
1025 http cache @noble/hashes@https://registry.npmjs.org/@noble/hashes/-/hashes-2.2.0.tgz 0ms (cache hit)
1026 http cache @napi-rs/wasm-runtime@https://registry.npmjs.org/@napi-rs/wasm-runtime/-/wasm-runtime-1.1.6.tgz 0ms (cache hit)
1027 http cache @jridgewell/resolve-uri@https://registry.npmjs.org/@jridgewell/resolve-uri/-/resolve-uri-3.1.2.tgz 0ms (cache hit)
1028 http cache @img/sharp-wasm32@https://registry.npmjs.org/@img/sharp-wasm32/-/sharp-wasm32-0.35.3.tgz 0ms (cache hit)
1029 http cache @jridgewell/sourcemap-codec@https://registry.npmjs.org/@jridgewell/sourcemap-codec/-/sourcemap-codec-1.5.5.tgz 0ms (cache hit)
1030 http cache @jridgewell/trace-mapping@https://registry.npmjs.org/@jridgewell/trace-mapping/-/trace-mapping-0.3.31.tgz 0ms (cache hit)
1031 http cache @img/sharp-libvips-darwin-arm64@https://registry.npmjs.org/@img/sharp-libvips-darwin-arm64/-/sharp-libvips-darwin-arm64-1.3.2.tgz 0ms (cache hit)
1032 http cache @img/colour@https://registry.npmjs.org/@img/colour/-/colour-1.1.0.tgz 0ms (cache hit)
1033 http cache @expressive-code/plugin-shiki@https://registry.npmjs.org/@expressive-code/plugin-shiki/-/plugin-shiki-0.44.0.tgz 0ms (cache hit)
1034 http cache @jridgewell/gen-mapping@https://registry.npmjs.org/@jridgewell/gen-mapping/-/gen-mapping-0.3.13.tgz 0ms (cache hit)
1035 http cache @expressive-code/plugin-frames@https://registry.npmjs.org/@expressive-code/plugin-frames/-/plugin-frames-0.44.0.tgz 0ms (cache hit)
1036 http cache @img/sharp-darwin-arm64@https://registry.npmjs.org/@img/sharp-darwin-arm64/-/sharp-darwin-arm64-0.35.3.tgz 0ms (cache hit)
1037 http cache @expressive-code/plugin-text-markers@https://registry.npmjs.org/@expressive-code/plugin-text-markers/-/plugin-text-markers-0.44.0.tgz 0ms (cache hit)
1038 http cache @emnapi/wasi-threads@https://registry.npmjs.org/@emnapi/wasi-threads/-/wasi-threads-1.2.2.tgz 0ms (cache hit)
1039 http cache @isaacs/cliui@https://registry.npmjs.org/@isaacs/cliui/-/cliui-8.0.2.tgz 0ms (cache hit)
1040 http cache @clack/core@https://registry.npmjs.org/@clack/core/-/core-1.4.3.tgz 0ms (cache hit)
1041 http cache @ctrl/tinycolor@https://registry.npmjs.org/@ctrl/tinycolor/-/tinycolor-4.2.0.tgz 0ms (cache hit)
1042 http cache @clack/prompts@https://registry.npmjs.org/@clack/prompts/-/prompts-1.7.0.tgz 0ms (cache hit)
1043 http cache @capsizecss/unpack@https://registry.npmjs.org/@capsizecss/unpack/-/unpack-4.0.1.tgz 0ms (cache hit)
1044 http cache @fontsource/noto-sans@https://registry.npmjs.org/@fontsource/noto-sans/-/noto-sans-5.2.10.tgz 0ms (cache hit)
1045 http cache @emnapi/core@https://registry.npmjs.org/@emnapi/core/-/core-1.11.2.tgz 0ms (cache hit)
1046 http cache @emnapi/runtime@https://registry.npmjs.org/@emnapi/runtime/-/runtime-1.11.2.tgz 0ms (cache hit)
1047 http cache @babel/types@https://registry.npmjs.org/@babel/types/-/types-7.29.7.tgz 0ms (cache hit)
1048 http cache @babel/parser@https://registry.npmjs.org/@babel/parser/-/parser-7.29.7.tgz 0ms (cache hit)
1049 http cache @astrojs/starlight@https://registry.npmjs.org/@astrojs/starlight/-/starlight-0.41.3.tgz 0ms (cache hit)
1050 http cache @babel/helper-string-parser@https://registry.npmjs.org/@babel/helper-string-parser/-/helper-string-parser-7.29.7.tgz 0ms (cache hit)
1051 http cache @astrojs/telemetry@https://registry.npmjs.org/@astrojs/telemetry/-/telemetry-3.3.2.tgz 0ms (cache hit)
1052 http cache @babel/helper-validator-identifier@https://registry.npmjs.org/@babel/helper-validator-identifier/-/helper-validator-identifier-7.29.7.tgz 0ms (cache hit)
1053 http cache @astrojs/sitemap@https://registry.npmjs.org/@astrojs/sitemap/-/sitemap-3.7.3.tgz 0ms (cache hit)
1054 http cache @bruits/satteri-darwin-arm64@https://registry.npmjs.org/@bruits/satteri-darwin-arm64/-/satteri-darwin-arm64-0.9.4.tgz 0ms (cache hit)
1055 http cache @astrojs/markdown-satteri@https://registry.npmjs.org/@astrojs/markdown-satteri/-/markdown-satteri-0.3.3.tgz 0ms (cache hit)
1056 http cache @astrojs/internal-helpers@https://registry.npmjs.org/@astrojs/internal-helpers/-/internal-helpers-0.10.1.tgz 0ms (cache hit)
1057 http cache @astrojs/mdx@https://registry.npmjs.org/@astrojs/mdx/-/mdx-7.0.2.tgz 0ms (cache hit)
1058 http cache @astrojs/compiler-binding-darwin-arm64@https://registry.npmjs.org/@astrojs/compiler-binding-darwin-arm64/-/compiler-binding-darwin-arm64-0.3.0.tgz 0ms (cache hit)
1059 http cache @expressive-code/core@https://registry.npmjs.org/@expressive-code/core/-/core-0.44.0.tgz 0ms (cache hit)
1060 http cache @astrojs/compiler-rs@https://registry.npmjs.org/@astrojs/compiler-rs/-/compiler-rs-0.3.0.tgz 0ms (cache hit)
1061 http cache @astrojs/compiler-binding@https://registry.npmjs.org/@astrojs/compiler-binding/-/compiler-binding-0.3.0.tgz 0ms (cache hit)
1062 http cache @ampproject/remapping@https://registry.npmjs.org/@ampproject/remapping/-/remapping-2.3.0.tgz 0ms (cache hit)
1063 http cache ansi-styles@https://registry.npmjs.org/ansi-styles/-/ansi-styles-4.3.0.tgz 0ms (cache hit)
1064 http cache @astrojs/markdown-remark@https://registry.npmjs.org/@astrojs/markdown-remark/-/markdown-remark-7.2.1.tgz 0ms (cache hit)
1065 http cache picomatch@https://registry.npmjs.org/picomatch/-/picomatch-4.0.4.tgz 0ms (cache hit)
1066 http cache ms@https://registry.npmjs.org/ms/-/ms-2.1.3.tgz 0ms (cache hit)
1067 http cache emoji-regex@https://registry.npmjs.org/emoji-regex/-/emoji-regex-8.0.0.tgz 0ms (cache hit)
1068 http cache debug@https://registry.npmjs.org/debug/-/debug-4.4.3.tgz 0ms (cache hit)
1069 http cache ansi-regex@https://registry.npmjs.org/ansi-regex/-/ansi-regex-5.0.1.tgz 0ms (cache hit)
1070 http cache ms@https://registry.npmjs.org/ms/-/ms-2.1.3.tgz 0ms (cache hit)
1071 http cache debug@https://registry.npmjs.org/debug/-/debug-4.4.3.tgz 0ms (cache hit)
1072 http cache picomatch@https://registry.npmjs.org/picomatch/-/picomatch-4.0.4.tgz 0ms (cache hit)
1073 http cache fdir@https://registry.npmjs.org/fdir/-/fdir-6.5.0.tgz 0ms (cache hit)
1074 http cache esbuild@https://registry.npmjs.org/esbuild/-/esbuild-0.27.7.tgz 0ms (cache hit)
1075 http cache lru-cache@https://registry.npmjs.org/lru-cache/-/lru-cache-11.5.1.tgz 0ms (cache hit)
1076 http cache string-width@https://registry.npmjs.org/string-width/-/string-width-4.2.3.tgz 0ms (cache hit)
1077 http cache chokidar@https://registry.npmjs.org/chokidar/-/chokidar-5.0.0.tgz 0ms (cache hit)
1078 http cache @esbuild/darwin-arm64@https://registry.npmjs.org/@esbuild/darwin-arm64/-/darwin-arm64-0.27.7.tgz 0ms (cache hit)
1079 http cache mdn-data@https://registry.npmjs.org/mdn-data/-/mdn-data-2.27.1.tgz 0ms (cache hit)
1080 http cache css-tree@https://registry.npmjs.org/css-tree/-/css-tree-3.2.1.tgz 0ms (cache hit)
1081 http cache picomatch@https://registry.npmjs.org/picomatch/-/picomatch-4.0.4.tgz 0ms (cache hit)
1082 http cache fdir@https://registry.npmjs.org/fdir/-/fdir-6.5.0.tgz 0ms (cache hit)
1083 http cache mdn-data@https://registry.npmjs.org/mdn-data/-/mdn-data-2.27.1.tgz 0ms (cache hit)
1084 http cache css-tree@https://registry.npmjs.org/css-tree/-/css-tree-3.2.1.tgz 0ms (cache hit)
1085 http cache ansi-regex@https://registry.npmjs.org/ansi-regex/-/ansi-regex-5.0.1.tgz 0ms (cache hit)
1086 http cache strip-ansi@https://registry.npmjs.org/strip-ansi/-/strip-ansi-6.0.1.tgz 0ms (cache hit)
1087 http cache @astrojs/prism@https://registry.npmjs.org/@astrojs/prism/-/prism-4.0.2.tgz 0ms (cache hit)
1088 http cache emoji-regex@https://registry.npmjs.org/emoji-regex/-/emoji-regex-8.0.0.tgz 0ms (cache hit)
1089 http cache minimatch@https://registry.npmjs.org/minimatch/-/minimatch-5.1.9.tgz 0ms (cache hit)
1090 http cache debug@https://registry.npmjs.org/debug/-/debug-4.4.3.tgz 0ms (cache hit)
1091 http cache ms@https://registry.npmjs.org/ms/-/ms-2.1.3.tgz 0ms (cache hit)
1092 http cache readdirp@https://registry.npmjs.org/readdirp/-/readdirp-5.0.0.tgz 0ms (cache hit)
1093 http cache string_decoder@https://registry.npmjs.org/string_decoder/-/string_decoder-1.1.1.tgz 0ms (cache hit)
1094 http cache @types/unist@https://registry.npmjs.org/@types/unist/-/unist-2.0.11.tgz 0ms (cache hit)
1095 http cache ansi-regex@https://registry.npmjs.org/ansi-regex/-/ansi-regex-5.0.1.tgz 0ms (cache hit)
1096 http cache readable-stream@https://registry.npmjs.org/readable-stream/-/readable-stream-2.3.8.tgz 0ms (cache hit)
1097 http cache is-docker@https://registry.npmjs.org/is-docker/-/is-docker-3.0.0.tgz 0ms (cache hit)
1098 http cache entities@https://registry.npmjs.org/entities/-/entities-4.5.0.tgz 0ms (cache hit)
1099 http cache mdn-data@https://registry.npmjs.org/mdn-data/-/mdn-data-2.0.28.tgz 0ms (cache hit)
1100 http cache css-tree@https://registry.npmjs.org/css-tree/-/css-tree-2.2.1.tgz 0ms (cache hit)
1101 http cache vite@https://registry.npmjs.org/vite/-/vite-8.1.3.tgz 0ms (cache hit)
1102 http cache esbuild@https://registry.npmjs.org/esbuild/-/esbuild-0.28.1.tgz 0ms (cache hit)
1103 http cache tinyexec@https://registry.npmjs.org/tinyexec/-/tinyexec-1.2.4.tgz 0ms (cache hit)
1104 http cache negotiator@https://registry.npmjs.org/negotiator/-/negotiator-0.6.4.tgz 0ms (cache hit)
1105 http cache cookie@https://registry.npmjs.org/cookie/-/cookie-1.1.1.tgz 0ms (cache hit)
1106 http cache es-module-lexer@https://registry.npmjs.org/es-module-lexer/-/es-module-lexer-2.3.0.tgz 0ms (cache hit)
1107 http cache picomatch@https://registry.npmjs.org/picomatch/-/picomatch-4.0.5.tgz 0ms (cache hit)
1108 http cache @esbuild/darwin-arm64@https://registry.npmjs.org/@esbuild/darwin-arm64/-/darwin-arm64-0.28.1.tgz 0ms (cache hit)
1109 http cache picomatch@https://registry.npmjs.org/picomatch/-/picomatch-4.0.5.tgz 0ms (cache hit)
1110 http cache estree-walker@https://registry.npmjs.org/estree-walker/-/estree-walker-2.0.2.tgz 0ms (cache hit)
1111 http cache @emnapi/runtime@https://registry.npmjs.org/@emnapi/runtime/-/runtime-1.11.1.tgz 0ms (cache hit)
1112 http cache @emnapi/core@https://registry.npmjs.org/@emnapi/core/-/core-1.11.1.tgz 0ms (cache hit)
1113 http cache @emnapi/runtime@https://registry.npmjs.org/@emnapi/runtime/-/runtime-1.11.1.tgz 0ms (cache hit)
1114 http cache @emnapi/core@https://registry.npmjs.org/@emnapi/core/-/core-1.11.1.tgz 0ms (cache hit)
1115 http cache strip-ansi@https://registry.npmjs.org/strip-ansi/-/strip-ansi-6.0.1.tgz 0ms (cache hit)
1116 http cache picomatch@https://registry.npmjs.org/picomatch/-/picomatch-4.0.5.tgz 0ms (cache hit)
1117 http cache ms@https://registry.npmjs.org/ms/-/ms-2.1.3.tgz 0ms (cache hit)
1118 http cache safe-buffer@https://registry.npmjs.org/safe-buffer/-/safe-buffer-5.1.2.tgz 0ms (cache hit)
1119 http cache es-module-lexer@https://registry.npmjs.org/es-module-lexer/-/es-module-lexer-2.3.0.tgz 0ms (cache hit)
1120 silly tarball no local data for esbuild@https://registry.npmjs.org/esbuild/-/esbuild-0.20.0.tgz. Extracting by manifest.
1121 silly tarball no local data for @esbuild/darwin-arm64@https://registry.npmjs.org/@esbuild/darwin-arm64/-/darwin-arm64-0.20.0.tgz. Extracting by manifest.
1122 silly tarball no local data for zwitch@https://registry.npmjs.org/zwitch/-/zwitch-2.0.4.tgz. Extracting by manifest.
1123 silly tarball no local data for zip-stream@https://registry.npmjs.org/zip-stream/-/zip-stream-6.0.1.tgz. Extracting by manifest.
1124 silly tarball no local data for yocto-queue@https://registry.npmjs.org/yocto-queue/-/yocto-queue-1.2.2.tgz. Extracting by manifest.
1125 silly tarball no local data for yargs-parser@https://registry.npmjs.org/yargs-parser/-/yargs-parser-22.0.0.tgz. Extracting by manifest.
1126 silly tarball no local data for xxhash-wasm@https://registry.npmjs.org/xxhash-wasm/-/xxhash-wasm-1.1.0.tgz. Extracting by manifest.
1127 silly tarball no local data for ws@https://registry.npmjs.org/ws/-/ws-8.21.0.tgz. Extracting by manifest.
1128 silly tarball no local data for zod@https://registry.npmjs.org/zod/-/zod-4.4.3.tgz. Extracting by manifest.
1129 silly tarball no local data for wrap-ansi-cjs@https://registry.npmjs.org/wrap-ansi/-/wrap-ansi-7.0.0.tgz. Extracting by manifest.
1130 silly tarball no local data for why-is-node-running@https://registry.npmjs.org/why-is-node-running/-/why-is-node-running-2.3.0.tgz. Extracting by manifest.
1131 silly tarball no local data for wrap-ansi@https://registry.npmjs.org/wrap-ansi/-/wrap-ansi-8.1.0.tgz. Extracting by manifest.
1132 silly tarball no local data for vitest@https://registry.npmjs.org/vitest/-/vitest-3.2.6.tgz. Extracting by manifest.
1133 silly tarball no local data for web-namespaces@https://registry.npmjs.org/web-namespaces/-/web-namespaces-2.0.1.tgz. Extracting by manifest.
1134 silly tarball no local data for vite-node@https://registry.npmjs.org/vite-node/-/vite-node-3.2.4.tgz. Extracting by manifest.
1135 silly tarball no local data for vitefu@https://registry.npmjs.org/vitefu/-/vitefu-1.1.3.tgz. Extracting by manifest.
1136 silly tarball no local data for vite@https://registry.npmjs.org/vite/-/vite-7.3.3.tgz. Extracting by manifest.
1137 silly tarball no local data for which@https://registry.npmjs.org/which/-/which-2.0.2.tgz. Extracting by manifest.
1138 silly tarball no local data for vfile@https://registry.npmjs.org/vfile/-/vfile-6.0.3.tgz. Extracting by manifest.
1139 silly tarball no local data for vfile-message@https://registry.npmjs.org/vfile-message/-/vfile-message-4.0.3.tgz. Extracting by manifest.
1140 silly tarball no local data for which-pm-runs@https://registry.npmjs.org/which-pm-runs/-/which-pm-runs-1.1.0.tgz. Extracting by manifest.
1141 silly tarball no local data for vfile-location@https://registry.npmjs.org/vfile-location/-/vfile-location-5.0.3.tgz. Extracting by manifest.
1142 silly tarball no local data for util-deprecate@https://registry.npmjs.org/util-deprecate/-/util-deprecate-1.0.2.tgz. Extracting by manifest.
1143 silly tarball no local data for unstorage@https://registry.npmjs.org/unstorage/-/unstorage-1.17.5.tgz. Extracting by manifest.
1144 silly tarball no local data for url-extras@https://registry.npmjs.org/url-extras/-/url-extras-0.1.0.tgz. Extracting by manifest.
1145 silly tarball no local data for unist-util-visit-children@https://registry.npmjs.org/unist-util-visit-children/-/unist-util-visit-children-3.0.0.tgz. Extracting by manifest.
1146 silly tarball no local data for unpipe@https://registry.npmjs.org/unpipe/-/unpipe-1.0.0.tgz. Extracting by manifest.
1147 silly tarball no local data for vary@https://registry.npmjs.org/vary/-/vary-1.1.2.tgz. Extracting by manifest.
1148 silly tarball no local data for unist-util-visit-parents@https://registry.npmjs.org/unist-util-visit-parents/-/unist-util-visit-parents-6.0.2.tgz. Extracting by manifest.
1149 silly tarball no local data for unist-util-remove-position@https://registry.npmjs.org/unist-util-remove-position/-/unist-util-remove-position-5.0.0.tgz. Extracting by manifest.
1150 silly tarball no local data for unist-util-visit@https://registry.npmjs.org/unist-util-visit/-/unist-util-visit-5.1.0.tgz. Extracting by manifest.
1151 silly tarball no local data for unist-util-position-from-estree@https://registry.npmjs.org/unist-util-position-from-estree/-/unist-util-position-from-estree-2.0.0.tgz. Extracting by manifest.
1152 silly tarball no local data for unist-util-stringify-position@https://registry.npmjs.org/unist-util-stringify-position/-/unist-util-stringify-position-4.0.0.tgz. Extracting by manifest.
1153 silly tarball no local data for unist-util-is@https://registry.npmjs.org/unist-util-is/-/unist-util-is-6.0.1.tgz. Extracting by manifest.
1154 silly tarball no local data for unist-util-modify-children@https://registry.npmjs.org/unist-util-modify-children/-/unist-util-modify-children-4.0.0.tgz. Extracting by manifest.
1155 silly tarball no local data for unist-util-find-after@https://registry.npmjs.org/unist-util-find-after/-/unist-util-find-after-5.0.0.tgz. Extracting by manifest.
1156 silly tarball no local data for unifont@https://registry.npmjs.org/unifont/-/unifont-0.7.4.tgz. Extracting by manifest.
1157 silly tarball no local data for unist-util-position@https://registry.npmjs.org/unist-util-position/-/unist-util-position-5.0.0.tgz. Extracting by manifest.
1158 silly tarball no local data for utils-merge@https://registry.npmjs.org/utils-merge/-/utils-merge-1.0.1.tgz. Extracting by manifest.
1159 silly tarball no local data for unified@https://registry.npmjs.org/unified/-/unified-11.0.5.tgz. Extracting by manifest.
1160 silly tarball no local data for undici-types@https://registry.npmjs.org/undici-types/-/undici-types-7.18.2.tgz. Extracting by manifest.
1161 silly tarball no local data for ufo@https://registry.npmjs.org/ufo/-/ufo-1.6.4.tgz. Extracting by manifest.
1162 silly tarball no local data for type-is@https://registry.npmjs.org/type-is/-/type-is-1.6.18.tgz. Extracting by manifest.
1163 silly tarball no local data for ultrahtml@https://registry.npmjs.org/ultrahtml/-/ultrahtml-1.6.0.tgz. Extracting by manifest.
1164 silly tarball no local data for tslib@https://registry.npmjs.org/tslib/-/tslib-2.8.1.tgz. Extracting by manifest.
1165 silly tarball no local data for trough@https://registry.npmjs.org/trough/-/trough-2.2.0.tgz. Extracting by manifest.
1166 silly tarball no local data for toidentifier@https://registry.npmjs.org/toidentifier/-/toidentifier-1.0.1.tgz. Extracting by manifest.
1167 silly tarball no local data for trim-lines@https://registry.npmjs.org/trim-lines/-/trim-lines-3.0.1.tgz. Extracting by manifest.
1168 silly tarball no local data for to-regex-range@https://registry.npmjs.org/to-regex-range/-/to-regex-range-5.0.1.tgz. Extracting by manifest.
1169 silly tarball no local data for uncrypto@https://registry.npmjs.org/uncrypto/-/uncrypto-0.1.3.tgz. Extracting by manifest.
1170 silly tarball no local data for tinyglobby@https://registry.npmjs.org/tinyglobby/-/tinyglobby-0.2.17.tgz. Extracting by manifest.
1171 silly tarball no local data for tinypool@https://registry.npmjs.org/tinypool/-/tinypool-1.1.1.tgz. Extracting by manifest.
1172 silly tarball no local data for tinyexec@https://registry.npmjs.org/tinyexec/-/tinyexec-0.3.2.tgz. Extracting by manifest.
1173 silly tarball no local data for tinyclip@https://registry.npmjs.org/tinyclip/-/tinyclip-0.1.15.tgz. Extracting by manifest.
1174 silly tarball no local data for tinybench@https://registry.npmjs.org/tinybench/-/tinybench-2.9.0.tgz. Extracting by manifest.
1175 silly tarball no local data for tiny-inflate@https://registry.npmjs.org/tiny-inflate/-/tiny-inflate-1.0.3.tgz. Extracting by manifest.
1176 silly tarball no local data for text-decoder@https://registry.npmjs.org/text-decoder/-/text-decoder-1.2.7.tgz. Extracting by manifest.
1177 silly tarball no local data for teex@https://registry.npmjs.org/teex/-/teex-1.0.1.tgz. Extracting by manifest.
1178 silly tarball no local data for tinyrainbow@https://registry.npmjs.org/tinyrainbow/-/tinyrainbow-2.0.0.tgz. Extracting by manifest.
1179 silly tarball no local data for svgo@https://registry.npmjs.org/svgo/-/svgo-4.0.1.tgz. Extracting by manifest.
1180 silly tarball no local data for svelte@https://registry.npmjs.org/svelte/-/svelte-4.2.20.tgz. Extracting by manifest.
1181 silly tarball no local data for tar-stream@https://registry.npmjs.org/tar-stream/-/tar-stream-3.1.8.tgz. Extracting by manifest.
1182 silly tarball no local data for strip-ansi-cjs@https://registry.npmjs.org/strip-ansi/-/strip-ansi-6.0.1.tgz. Extracting by manifest.
1183 silly tarball no local data for tinyspy@https://registry.npmjs.org/tinyspy/-/tinyspy-4.0.4.tgz. Extracting by manifest.
1184 silly tarball no local data for style-to-js@https://registry.npmjs.org/style-to-js/-/style-to-js-1.1.21.tgz. Extracting by manifest.
1185 silly tarball no local data for strip-literal@https://registry.npmjs.org/strip-literal/-/strip-literal-3.1.0.tgz. Extracting by manifest.
1186 silly tarball no local data for string-width-cjs@https://registry.npmjs.org/string-width/-/string-width-4.2.3.tgz. Extracting by manifest.
1187 silly tarball no local data for stringify-entities@https://registry.npmjs.org/stringify-entities/-/stringify-entities-4.0.4.tgz. Extracting by manifest.
1188 silly tarball no local data for string_decoder@https://registry.npmjs.org/string_decoder/-/string_decoder-1.3.0.tgz. Extracting by manifest.
1189 silly tarball no local data for strip-ansi@https://registry.npmjs.org/strip-ansi/-/strip-ansi-7.2.0.tgz. Extracting by manifest.
1190 silly tarball no local data for string-width@https://registry.npmjs.org/string-width/-/string-width-5.1.2.tgz. Extracting by manifest.
1191 silly tarball no local data for streamx@https://registry.npmjs.org/streamx/-/streamx-2.25.0.tgz. Extracting by manifest.
1192 silly tarball no local data for stream-replace-string@https://registry.npmjs.org/stream-replace-string/-/stream-replace-string-2.0.0.tgz. Extracting by manifest.
1193 silly tarball no local data for std-env@https://registry.npmjs.org/std-env/-/std-env-3.10.0.tgz. Extracting by manifest.
1194 silly tarball no local data for stackback@https://registry.npmjs.org/stackback/-/stackback-0.0.2.tgz. Extracting by manifest.
1195 silly tarball no local data for style-to-object@https://registry.npmjs.org/style-to-object/-/style-to-object-1.0.14.tgz. Extracting by manifest.
1196 silly tarball no local data for source-map@https://registry.npmjs.org/source-map/-/source-map-0.7.6.tgz. Extracting by manifest.
1197 silly tarball no local data for smol-toml@https://registry.npmjs.org/smol-toml/-/smol-toml-1.7.0.tgz. Extracting by manifest.
1198 silly tarball no local data for source-map-js@https://registry.npmjs.org/source-map-js/-/source-map-js-1.2.1.tgz. Extracting by manifest.
1199 silly tarball no local data for sisteransi@https://registry.npmjs.org/sisteransi/-/sisteransi-1.0.5.tgz. Extracting by manifest.
1200 silly tarball no local data for signal-exit@https://registry.npmjs.org/signal-exit/-/signal-exit-4.1.0.tgz. Extracting by manifest.
1201 silly tarball no local data for sitemap@https://registry.npmjs.org/sitemap/-/sitemap-9.0.1.tgz. Extracting by manifest.
1202 silly tarball no local data for statuses@https://registry.npmjs.org/statuses/-/statuses-2.0.2.tgz. Extracting by manifest.
1203 silly tarball no local data for siginfo@https://registry.npmjs.org/siginfo/-/siginfo-2.0.0.tgz. Extracting by manifest.
1204 silly tarball no local data for side-channel-weakmap@https://registry.npmjs.org/side-channel-weakmap/-/side-channel-weakmap-1.0.2.tgz. Extracting by manifest.
1205 silly tarball no local data for side-channel@https://registry.npmjs.org/side-channel/-/side-channel-1.1.1.tgz. Extracting by manifest.
1206 silly tarball no local data for shiki@https://registry.npmjs.org/shiki/-/shiki-4.3.1.tgz. Extracting by manifest.
1207 silly tarball no local data for shebang-command@https://registry.npmjs.org/shebang-command/-/shebang-command-2.0.0.tgz. Extracting by manifest.
1208 silly tarball no local data for sharp@https://registry.npmjs.org/sharp/-/sharp-0.35.3.tgz. Extracting by manifest.
1209 silly tarball no local data for setprototypeof@https://registry.npmjs.org/setprototypeof/-/setprototypeof-1.2.0.tgz. Extracting by manifest.
1210 silly tarball no local data for space-separated-tokens@https://registry.npmjs.org/space-separated-tokens/-/space-separated-tokens-2.0.2.tgz. Extracting by manifest.
1211 silly tarball no local data for shebang-regex@https://registry.npmjs.org/shebang-regex/-/shebang-regex-3.0.0.tgz. Extracting by manifest.
1212 silly tarball no local data for side-channel-list@https://registry.npmjs.org/side-channel-list/-/side-channel-list-1.0.1.tgz. Extracting by manifest.
1213 silly tarball no local data for side-channel-map@https://registry.npmjs.org/side-channel-map/-/side-channel-map-1.0.1.tgz. Extracting by manifest.
1214 silly tarball no local data for serve-static@https://registry.npmjs.org/serve-static/-/serve-static-1.16.3.tgz. Extracting by manifest.
1215 silly tarball no local data for semver@https://registry.npmjs.org/semver/-/semver-7.8.5.tgz. Extracting by manifest.
1216 silly tarball no local data for send@https://registry.npmjs.org/send/-/send-0.19.2.tgz. Extracting by manifest.
1217 silly tarball no local data for satteri@https://registry.npmjs.org/satteri/-/satteri-0.9.4.tgz. Extracting by manifest.
1218 silly tarball no local data for safer-buffer@https://registry.npmjs.org/safer-buffer/-/safer-buffer-2.1.2.tgz. Extracting by manifest.
1219 silly tarball no local data for safe-buffer@https://registry.npmjs.org/safe-buffer/-/safe-buffer-5.2.1.tgz. Extracting by manifest.
1220 silly tarball no local data for rollup@https://registry.npmjs.org/rollup/-/rollup-4.60.3.tgz. Extracting by manifest.
1221 silly tarball no local data for rolldown@https://registry.npmjs.org/rolldown/-/rolldown-1.1.4.tgz. Extracting by manifest.
1222 silly tarball no local data for retext-stringify@https://registry.npmjs.org/retext-stringify/-/retext-stringify-4.0.0.tgz. Extracting by manifest.
1223 silly tarball no local data for retext-smartypants@https://registry.npmjs.org/retext-smartypants/-/retext-smartypants-6.2.0.tgz. Extracting by manifest.
1224 silly tarball no local data for retext-latin@https://registry.npmjs.org/retext-latin/-/retext-latin-4.0.0.tgz. Extracting by manifest.
1225 silly tarball no local data for sax@https://registry.npmjs.org/sax/-/sax-1.6.0.tgz. Extracting by manifest.
1226 silly tarball no local data for retext@https://registry.npmjs.org/retext/-/retext-9.0.0.tgz. Extracting by manifest.
1227 silly tarball no local data for remark-stringify@https://registry.npmjs.org/remark-stringify/-/remark-stringify-11.0.0.tgz. Extracting by manifest.
1228 silly tarball no local data for remark-rehype@https://registry.npmjs.org/remark-rehype/-/remark-rehype-11.1.2.tgz. Extracting by manifest.
1229 silly tarball no local data for remark-gfm@https://registry.npmjs.org/remark-gfm/-/remark-gfm-4.0.1.tgz. Extracting by manifest.
1230 silly tarball no local data for remark-mdx@https://registry.npmjs.org/remark-mdx/-/remark-mdx-3.1.1.tgz. Extracting by manifest.
1231 silly tarball no local data for remark-directive@https://registry.npmjs.org/remark-directive/-/remark-directive-4.0.0.tgz. Extracting by manifest.
1232 silly tarball no local data for remark-parse@https://registry.npmjs.org/remark-parse/-/remark-parse-11.0.0.tgz. Extracting by manifest.
1233 silly tarball no local data for rehype-stringify@https://registry.npmjs.org/rehype-stringify/-/rehype-stringify-10.0.1.tgz. Extracting by manifest.
1234 silly tarball no local data for rehype-recma@https://registry.npmjs.org/rehype-recma/-/rehype-recma-1.0.0.tgz. Extracting by manifest.
1235 silly tarball no local data for rehype-raw@https://registry.npmjs.org/rehype-raw/-/rehype-raw-7.0.0.tgz. Extracting by manifest.
1236 silly tarball no local data for remark-smartypants@https://registry.npmjs.org/remark-smartypants/-/remark-smartypants-3.0.2.tgz. Extracting by manifest.
1237 silly tarball no local data for rehype-format@https://registry.npmjs.org/rehype-format/-/rehype-format-5.0.1.tgz. Extracting by manifest.
1238 silly tarball no local data for rehype-expressive-code@https://registry.npmjs.org/rehype-expressive-code/-/rehype-expressive-code-0.44.0.tgz. Extracting by manifest.
1239 silly tarball no local data for rehype-parse@https://registry.npmjs.org/rehype-parse/-/rehype-parse-9.0.1.tgz. Extracting by manifest.
1240 silly tarball no local data for regex-utilities@https://registry.npmjs.org/regex-utilities/-/regex-utilities-2.3.0.tgz. Extracting by manifest.
1241 silly tarball no local data for regex-recursion@https://registry.npmjs.org/regex-recursion/-/regex-recursion-6.0.2.tgz. Extracting by manifest.
1242 silly tarball no local data for regex@https://registry.npmjs.org/regex/-/regex-6.1.0.tgz. Extracting by manifest.
1243 silly tarball no local data for rehype@https://registry.npmjs.org/rehype/-/rehype-13.0.2.tgz. Extracting by manifest.
1244 silly tarball no local data for resolve-pkg-maps@https://registry.npmjs.org/resolve-pkg-maps/-/resolve-pkg-maps-1.0.0.tgz. Extracting by manifest.
1245 silly tarball no local data for recma-stringify@https://registry.npmjs.org/recma-stringify/-/recma-stringify-1.0.0.tgz. Extracting by manifest.
1246 silly tarball no local data for recma-parse@https://registry.npmjs.org/recma-parse/-/recma-parse-1.0.0.tgz. Extracting by manifest.
1247 silly tarball no local data for recma-jsx@https://registry.npmjs.org/recma-jsx/-/recma-jsx-1.0.1.tgz. Extracting by manifest.
1248 silly tarball no local data for readdir-glob@https://registry.npmjs.org/readdir-glob/-/readdir-glob-1.1.3.tgz. Extracting by manifest.
1249 silly tarball no local data for readable-stream@https://registry.npmjs.org/readable-stream/-/readable-stream-4.7.0.tgz. Extracting by manifest.
1250 silly tarball no local data for recma-build-jsx@https://registry.npmjs.org/recma-build-jsx/-/recma-build-jsx-1.0.0.tgz. Extracting by manifest.
1251 silly tarball no local data for raw-body@https://registry.npmjs.org/raw-body/-/raw-body-2.5.3.tgz. Extracting by manifest.
1252 silly tarball no local data for range-parser@https://registry.npmjs.org/range-parser/-/range-parser-1.2.1.tgz. Extracting by manifest.
1253 silly tarball no local data for radix3@https://registry.npmjs.org/radix3/-/radix3-1.1.2.tgz. Extracting by manifest.
1254 silly tarball no local data for proxy-addr@https://registry.npmjs.org/proxy-addr/-/proxy-addr-2.0.7.tgz. Extracting by manifest.
1255 silly tarball no local data for process-nextick-args@https://registry.npmjs.org/process-nextick-args/-/process-nextick-args-2.0.1.tgz. Extracting by manifest.
1256 silly tarball no local data for readdirp@https://registry.npmjs.org/readdirp/-/readdirp-3.6.0.tgz. Extracting by manifest.
1257 silly tarball no local data for property-information@https://registry.npmjs.org/property-information/-/property-information-7.2.0.tgz. Extracting by manifest.
1258 silly tarball no local data for process@https://registry.npmjs.org/process/-/process-0.11.10.tgz. Extracting by manifest.
1259 silly tarball no local data for process-ancestry@https://registry.npmjs.org/process-ancestry/-/process-ancestry-0.1.0.tgz. Extracting by manifest.
1260 silly tarball no local data for postcss-selector-parser@https://registry.npmjs.org/postcss-selector-parser/-/postcss-selector-parser-6.1.4.tgz. Extracting by manifest.
1261 silly tarball no local data for postcss-nested@https://registry.npmjs.org/postcss-nested/-/postcss-nested-6.2.0.tgz. Extracting by manifest.
1262 silly tarball no local data for postcss@https://registry.npmjs.org/postcss/-/postcss-8.5.16.tgz. Extracting by manifest.
1263 silly tarball no local data for picomatch@https://registry.npmjs.org/picomatch/-/picomatch-2.3.2.tgz. Extracting by manifest.
1264 silly tarball no local data for picocolors@https://registry.npmjs.org/picocolors/-/picocolors-1.1.1.tgz. Extracting by manifest.
1265 silly tarball no local data for periscopic@https://registry.npmjs.org/periscopic/-/periscopic-3.1.0.tgz. Extracting by manifest.
1266 silly tarball no local data for piccolore@https://registry.npmjs.org/piccolore/-/piccolore-0.1.3.tgz. Extracting by manifest.
1267 silly tarball no local data for pathval@https://registry.npmjs.org/pathval/-/pathval-2.0.1.tgz. Extracting by manifest.
1268 silly tarball no local data for prismjs@https://registry.npmjs.org/prismjs/-/prismjs-1.30.0.tgz. Extracting by manifest.
1269 silly tarball no local data for pathe@https://registry.npmjs.org/pathe/-/pathe-2.0.3.tgz. Extracting by manifest.
1270 silly tarball no local data for path-to-regexp@https://registry.npmjs.org/path-to-regexp/-/path-to-regexp-0.1.13.tgz. Extracting by manifest.
1271 silly tarball no local data for path-scurry@https://registry.npmjs.org/path-scurry/-/path-scurry-1.11.1.tgz. Extracting by manifest.
1272 silly tarball no local data for path-key@https://registry.npmjs.org/path-key/-/path-key-3.1.1.tgz. Extracting by manifest.
1273 silly tarball no local data for path-browserify@https://registry.npmjs.org/path-browserify/-/path-browserify-1.0.1.tgz. Extracting by manifest.
1274 silly tarball no local data for parse-latin@https://registry.npmjs.org/parse-latin/-/parse-latin-7.0.0.tgz. Extracting by manifest.
1275 silly tarball no local data for parse5@https://registry.npmjs.org/parse5/-/parse5-7.3.0.tgz. Extracting by manifest.
1276 silly tarball no local data for parse-entities@https://registry.npmjs.org/parse-entities/-/parse-entities-4.0.2.tgz. Extracting by manifest.
1277 silly tarball no local data for pako@https://registry.npmjs.org/pako/-/pako-2.1.0.tgz. Extracting by manifest.
1278 silly tarball no local data for qs@https://registry.npmjs.org/qs/-/qs-6.15.2.tgz. Extracting by manifest.
1279 silly tarball no local data for pagefind@https://registry.npmjs.org/pagefind/-/pagefind-1.5.2.tgz. Extracting by manifest.
1280 silly tarball no local data for package-manager-detector@https://registry.npmjs.org/package-manager-detector/-/package-manager-detector-1.7.0.tgz. Extracting by manifest.
1281 silly tarball no local data for package-json-from-dist@https://registry.npmjs.org/package-json-from-dist/-/package-json-from-dist-1.0.1.tgz. Extracting by manifest.
1282 silly tarball no local data for p-timeout@https://registry.npmjs.org/p-timeout/-/p-timeout-7.0.1.tgz. Extracting by manifest.
1283 silly tarball no local data for p-queue@https://registry.npmjs.org/p-queue/-/p-queue-9.3.1.tgz. Extracting by manifest.
1284 silly tarball no local data for p-limit@https://registry.npmjs.org/p-limit/-/p-limit-7.3.0.tgz. Extracting by manifest.
1285 silly tarball no local data for oxlint@https://registry.npmjs.org/oxlint/-/oxlint-1.70.0.tgz. Extracting by manifest.
1286 silly tarball no local data for oniguruma-to-es@https://registry.npmjs.org/oniguruma-to-es/-/oniguruma-to-es-4.3.6.tgz. Extracting by manifest.
1287 silly tarball no local data for oniguruma-parser@https://registry.npmjs.org/oniguruma-parser/-/oniguruma-parser-0.12.2.tgz. Extracting by manifest.
1288 silly tarball no local data for on-headers@https://registry.npmjs.org/on-headers/-/on-headers-1.1.0.tgz. Extracting by manifest.
1289 silly tarball no local data for ofetch@https://registry.npmjs.org/ofetch/-/ofetch-1.5.1.tgz. Extracting by manifest.
1290 silly tarball no local data for on-finished@https://registry.npmjs.org/on-finished/-/on-finished-2.4.1.tgz. Extracting by manifest.
1291 silly tarball no local data for ohash@https://registry.npmjs.org/ohash/-/ohash-2.0.11.tgz. Extracting by manifest.
1292 silly tarball no local data for object-inspect@https://registry.npmjs.org/object-inspect/-/object-inspect-1.13.4.tgz. Extracting by manifest.
1293 silly tarball no local data for object-assign@https://registry.npmjs.org/object-assign/-/object-assign-4.1.1.tgz. Extracting by manifest.
1294 silly tarball no local data for obug@https://registry.npmjs.org/obug/-/obug-2.1.3.tgz. Extracting by manifest.
1295 silly tarball no local data for nth-check@https://registry.npmjs.org/nth-check/-/nth-check-2.1.1.tgz. Extracting by manifest.
1296 silly tarball no local data for normalize-path@https://registry.npmjs.org/normalize-path/-/normalize-path-3.0.0.tgz. Extracting by manifest.
1297 silly tarball no local data for parseurl@https://registry.npmjs.org/parseurl/-/parseurl-1.3.3.tgz. Extracting by manifest.
1298 silly tarball no local data for node-fetch-native@https://registry.npmjs.org/node-fetch-native/-/node-fetch-native-1.6.7.tgz. Extracting by manifest.
1299 silly tarball no local data for negotiator@https://registry.npmjs.org/negotiator/-/negotiator-0.6.3.tgz. Extracting by manifest.
1300 silly tarball no local data for node-mock-http@https://registry.npmjs.org/node-mock-http/-/node-mock-http-1.0.4.tgz. Extracting by manifest.
1301 silly tarball no local data for ms@https://registry.npmjs.org/ms/-/ms-2.0.0.tgz. Extracting by manifest.
1302 silly tarball no local data for nanoid@https://registry.npmjs.org/nanoid/-/nanoid-3.3.12.tgz. Extracting by manifest.
1303 silly tarball no local data for mrmime@https://registry.npmjs.org/mrmime/-/mrmime-2.0.1.tgz. Extracting by manifest.
1304 silly tarball no local data for minipass@https://registry.npmjs.org/minipass/-/minipass-7.1.3.tgz. Extracting by manifest.
1305 silly tarball no local data for minimatch@https://registry.npmjs.org/minimatch/-/minimatch-9.0.9.tgz. Extracting by manifest.
1306 silly tarball no local data for mime-db@https://registry.npmjs.org/mime-db/-/mime-db-1.52.0.tgz. Extracting by manifest.
1307 silly tarball no local data for mime-types@https://registry.npmjs.org/mime-types/-/mime-types-2.1.35.tgz. Extracting by manifest.
1308 silly tarball no local data for mime@https://registry.npmjs.org/mime/-/mime-1.6.0.tgz. Extracting by manifest.
1309 silly tarball no local data for neotraverse@https://registry.npmjs.org/neotraverse/-/neotraverse-0.6.18.tgz. Extracting by manifest.
1310 silly tarball no local data for nlcst-to-string@https://registry.npmjs.org/nlcst-to-string/-/nlcst-to-string-4.0.0.tgz. Extracting by manifest.
1311 silly tarball no local data for micromark-util-symbol@https://registry.npmjs.org/micromark-util-symbol/-/micromark-util-symbol-2.0.1.tgz. Extracting by manifest.
1312 silly tarball no local data for micromark-util-sanitize-uri@https://registry.npmjs.org/micromark-util-sanitize-uri/-/micromark-util-sanitize-uri-2.0.1.tgz. Extracting by manifest.
1313 silly tarball no local data for micromark-util-resolve-all@https://registry.npmjs.org/micromark-util-resolve-all/-/micromark-util-resolve-all-2.0.1.tgz. Extracting by manifest.
1314 silly tarball no local data for micromark-util-normalize-identifier@https://registry.npmjs.org/micromark-util-normalize-identifier/-/micromark-util-normalize-identifier-2.0.1.tgz. Extracting by manifest.
1315 silly tarball no local data for micromark-util-types@https://registry.npmjs.org/micromark-util-types/-/micromark-util-types-2.0.2.tgz. Extracting by manifest.
1316 silly tarball no local data for micromark-util-html-tag-name@https://registry.npmjs.org/micromark-util-html-tag-name/-/micromark-util-html-tag-name-2.0.1.tgz. Extracting by manifest.
1317 silly tarball no local data for micromark-util-events-to-acorn@https://registry.npmjs.org/micromark-util-events-to-acorn/-/micromark-util-events-to-acorn-2.0.3.tgz. Extracting by manifest.
1318 silly tarball no local data for micromark-util-decode-string@https://registry.npmjs.org/micromark-util-decode-string/-/micromark-util-decode-string-2.0.1.tgz. Extracting by manifest.
1319 silly tarball no local data for micromark-util-decode-numeric-character-reference@https://registry.npmjs.org/micromark-util-decode-numeric-character-reference/-/micromark-util-decode-numeric-character-reference-2.0.2.tgz. Extracting by manifest.
1320 silly tarball no local data for micromark-util-encode@https://registry.npmjs.org/micromark-util-encode/-/micromark-util-encode-2.0.1.tgz. Extracting by manifest.
1321 silly tarball no local data for micromark-util-combine-extensions@https://registry.npmjs.org/micromark-util-combine-extensions/-/micromark-util-combine-extensions-2.0.1.tgz. Extracting by manifest.
1322 silly tarball no local data for micromark-util-classify-character@https://registry.npmjs.org/micromark-util-classify-character/-/micromark-util-classify-character-2.0.1.tgz. Extracting by manifest.
1323 silly tarball no local data for micromark-util-character@https://registry.npmjs.org/micromark-util-character/-/micromark-util-character-2.1.1.tgz. Extracting by manifest.
1324 silly tarball no local data for micromark-factory-whitespace@https://registry.npmjs.org/micromark-factory-whitespace/-/micromark-factory-whitespace-2.0.1.tgz. Extracting by manifest.
1325 silly tarball no local data for micromark-factory-title@https://registry.npmjs.org/micromark-factory-title/-/micromark-factory-title-2.0.1.tgz. Extracting by manifest.
1326 silly tarball no local data for micromark-util-chunked@https://registry.npmjs.org/micromark-util-chunked/-/micromark-util-chunked-2.0.1.tgz. Extracting by manifest.
1327 silly tarball no local data for micromark-factory-space@https://registry.npmjs.org/micromark-factory-space/-/micromark-factory-space-2.0.1.tgz. Extracting by manifest.
1328 silly tarball no local data for micromark-factory-label@https://registry.npmjs.org/micromark-factory-label/-/micromark-factory-label-2.0.1.tgz. Extracting by manifest.
1329 silly tarball no local data for micromark-factory-destination@https://registry.npmjs.org/micromark-factory-destination/-/micromark-factory-destination-2.0.1.tgz. Extracting by manifest.
1330 silly tarball no local data for micromark-extension-mdxjs-esm@https://registry.npmjs.org/micromark-extension-mdxjs-esm/-/micromark-extension-mdxjs-esm-3.0.0.tgz. Extracting by manifest.
1331 silly tarball no local data for micromark-extension-mdxjs@https://registry.npmjs.org/micromark-extension-mdxjs/-/micromark-extension-mdxjs-3.0.0.tgz. Extracting by manifest.
1332 silly tarball no local data for micromark-util-subtokenize@https://registry.npmjs.org/micromark-util-subtokenize/-/micromark-util-subtokenize-2.1.0.tgz. Extracting by manifest.
1333 silly tarball no local data for micromark-factory-mdx-expression@https://registry.npmjs.org/micromark-factory-mdx-expression/-/micromark-factory-mdx-expression-2.0.3.tgz. Extracting by manifest.
1334 silly tarball no local data for micromark-extension-mdx-md@https://registry.npmjs.org/micromark-extension-mdx-md/-/micromark-extension-mdx-md-2.0.0.tgz. Extracting by manifest.
1335 silly tarball no local data for micromark-extension-mdx-jsx@https://registry.npmjs.org/micromark-extension-mdx-jsx/-/micromark-extension-mdx-jsx-3.0.2.tgz. Extracting by manifest.
1336 silly tarball no local data for micromark-extension-gfm-task-list-item@https://registry.npmjs.org/micromark-extension-gfm-task-list-item/-/micromark-extension-gfm-task-list-item-2.1.0.tgz. Extracting by manifest.
1337 silly tarball no local data for micromark-extension-gfm-table@https://registry.npmjs.org/micromark-extension-gfm-table/-/micromark-extension-gfm-table-2.1.1.tgz. Extracting by manifest.
1338 silly tarball no local data for micromark-extension-gfm-strikethrough@https://registry.npmjs.org/micromark-extension-gfm-strikethrough/-/micromark-extension-gfm-strikethrough-2.1.0.tgz. Extracting by manifest.
1339 silly tarball no local data for micromark-extension-gfm-footnote@https://registry.npmjs.org/micromark-extension-gfm-footnote/-/micromark-extension-gfm-footnote-2.1.0.tgz. Extracting by manifest.
1340 silly tarball no local data for micromark-extension-gfm-autolink-literal@https://registry.npmjs.org/micromark-extension-gfm-autolink-literal/-/micromark-extension-gfm-autolink-literal-2.1.0.tgz. Extracting by manifest.
1341 silly tarball no local data for micromark-extension-gfm@https://registry.npmjs.org/micromark-extension-gfm/-/micromark-extension-gfm-3.0.0.tgz. Extracting by manifest.
1342 silly tarball no local data for micromark-core-commonmark@https://registry.npmjs.org/micromark-core-commonmark/-/micromark-core-commonmark-2.0.3.tgz. Extracting by manifest.
1343 silly tarball no local data for micromark@https://registry.npmjs.org/micromark/-/micromark-4.0.2.tgz. Extracting by manifest.
1344 silly tarball no local data for micromark-extension-directive@https://registry.npmjs.org/micromark-extension-directive/-/micromark-extension-directive-4.0.0.tgz. Extracting by manifest.
1345 silly tarball no local data for micromark-extension-gfm-tagfilter@https://registry.npmjs.org/micromark-extension-gfm-tagfilter/-/micromark-extension-gfm-tagfilter-2.0.0.tgz. Extracting by manifest.
1346 silly tarball no local data for methods@https://registry.npmjs.org/methods/-/methods-1.1.2.tgz. Extracting by manifest.
1347 silly tarball no local data for merge-descriptors@https://registry.npmjs.org/merge-descriptors/-/merge-descriptors-1.0.3.tgz. Extracting by manifest.
1348 silly tarball no local data for mdast-util-to-string@https://registry.npmjs.org/mdast-util-to-string/-/mdast-util-to-string-4.0.0.tgz. Extracting by manifest.
1349 silly tarball no local data for mdn-data@https://registry.npmjs.org/mdn-data/-/mdn-data-2.0.30.tgz. Extracting by manifest.
1350 silly tarball no local data for mdast-util-phrasing@https://registry.npmjs.org/mdast-util-phrasing/-/mdast-util-phrasing-4.1.0.tgz. Extracting by manifest.
1351 silly tarball no local data for mdast-util-to-markdown@https://registry.npmjs.org/mdast-util-to-markdown/-/mdast-util-to-markdown-2.1.2.tgz. Extracting by manifest.
1352 silly tarball no local data for mdast-util-to-hast@https://registry.npmjs.org/mdast-util-to-hast/-/mdast-util-to-hast-13.2.1.tgz. Extracting by manifest.
1353 silly tarball no local data for mdast-util-mdxjs-esm@https://registry.npmjs.org/mdast-util-mdxjs-esm/-/mdast-util-mdxjs-esm-2.0.1.tgz. Extracting by manifest.
1354 silly tarball no local data for mdast-util-mdx-jsx@https://registry.npmjs.org/mdast-util-mdx-jsx/-/mdast-util-mdx-jsx-3.2.0.tgz. Extracting by manifest.
1355 silly tarball no local data for mdast-util-mdx-expression@https://registry.npmjs.org/mdast-util-mdx-expression/-/mdast-util-mdx-expression-2.0.1.tgz. Extracting by manifest.
1356 silly tarball no local data for mdast-util-mdx@https://registry.npmjs.org/mdast-util-mdx/-/mdast-util-mdx-3.0.0.tgz. Extracting by manifest.
1357 silly tarball no local data for micromark-extension-mdx-expression@https://registry.npmjs.org/micromark-extension-mdx-expression/-/micromark-extension-mdx-expression-3.0.1.tgz. Extracting by manifest.
1358 silly tarball no local data for mdast-util-gfm-table@https://registry.npmjs.org/mdast-util-gfm-table/-/mdast-util-gfm-table-2.0.0.tgz. Extracting by manifest.
1359 silly tarball no local data for mdast-util-gfm-strikethrough@https://registry.npmjs.org/mdast-util-gfm-strikethrough/-/mdast-util-gfm-strikethrough-2.0.0.tgz. Extracting by manifest.
1360 silly tarball no local data for mdast-util-gfm-footnote@https://registry.npmjs.org/mdast-util-gfm-footnote/-/mdast-util-gfm-footnote-2.1.0.tgz. Extracting by manifest.
1361 silly tarball no local data for media-typer@https://registry.npmjs.org/media-typer/-/media-typer-0.3.0.tgz. Extracting by manifest.
1362 silly tarball no local data for mdast-util-gfm-autolink-literal@https://registry.npmjs.org/mdast-util-gfm-autolink-literal/-/mdast-util-gfm-autolink-literal-2.0.1.tgz. Extracting by manifest.
1363 silly tarball no local data for mdast-util-gfm@https://registry.npmjs.org/mdast-util-gfm/-/mdast-util-gfm-3.1.0.tgz. Extracting by manifest.
1364 silly tarball no local data for mdast-util-from-markdown@https://registry.npmjs.org/mdast-util-from-markdown/-/mdast-util-from-markdown-2.0.3.tgz. Extracting by manifest.
1365 silly tarball no local data for mdast-util-gfm-task-list-item@https://registry.npmjs.org/mdast-util-gfm-task-list-item/-/mdast-util-gfm-task-list-item-2.0.0.tgz. Extracting by manifest.
1366 silly tarball no local data for mdast-util-find-and-replace@https://registry.npmjs.org/mdast-util-find-and-replace/-/mdast-util-find-and-replace-3.0.2.tgz. Extracting by manifest.
1367 silly tarball no local data for markdown-extensions@https://registry.npmjs.org/markdown-extensions/-/markdown-extensions-2.0.0.tgz. Extracting by manifest.
1368 silly tarball no local data for math-intrinsics@https://registry.npmjs.org/math-intrinsics/-/math-intrinsics-1.1.0.tgz. Extracting by manifest.
1369 silly tarball no local data for mdast-util-directive@https://registry.npmjs.org/mdast-util-directive/-/mdast-util-directive-3.1.0.tgz. Extracting by manifest.
1370 silly tarball no local data for magic-string@https://registry.npmjs.org/magic-string/-/magic-string-0.30.21.tgz. Extracting by manifest.
1371 silly tarball no local data for magicast@https://registry.npmjs.org/magicast/-/magicast-0.5.3.tgz. Extracting by manifest.
1372 silly tarball no local data for lru-cache@https://registry.npmjs.org/lru-cache/-/lru-cache-10.4.3.tgz. Extracting by manifest.
1373 silly tarball no local data for loupe@https://registry.npmjs.org/loupe/-/loupe-3.2.1.tgz. Extracting by manifest.
1374 silly tarball no local data for longest-streak@https://registry.npmjs.org/longest-streak/-/longest-streak-3.1.0.tgz. Extracting by manifest.
1375 silly tarball no local data for mdast-util-definitions@https://registry.npmjs.org/mdast-util-definitions/-/mdast-util-definitions-6.0.0.tgz. Extracting by manifest.
1376 silly tarball no local data for markdown-table@https://registry.npmjs.org/markdown-table/-/markdown-table-3.0.4.tgz. Extracting by manifest.
1377 silly tarball no local data for lodash@https://registry.npmjs.org/lodash/-/lodash-4.18.1.tgz. Extracting by manifest.
1378 silly tarball no local data for locate-character@https://registry.npmjs.org/locate-character/-/locate-character-3.0.0.tgz. Extracting by manifest.
1379 silly tarball no local data for lightningcss@https://registry.npmjs.org/lightningcss/-/lightningcss-1.32.0.tgz. Extracting by manifest.
1380 silly tarball no local data for lazystream@https://registry.npmjs.org/lazystream/-/lazystream-1.0.1.tgz. Extracting by manifest.
1381 silly tarball no local data for js-yaml@https://registry.npmjs.org/js-yaml/-/js-yaml-4.3.0.tgz. Extracting by manifest.
1382 silly tarball no local data for js-tokens@https://registry.npmjs.org/js-tokens/-/js-tokens-9.0.1.tgz. Extracting by manifest.
1383 silly tarball no local data for lightningcss-darwin-arm64@https://registry.npmjs.org/lightningcss-darwin-arm64/-/lightningcss-darwin-arm64-1.32.0.tgz. Extracting by manifest.
1384 silly tarball no local data for jackspeak@https://registry.npmjs.org/jackspeak/-/jackspeak-3.4.3.tgz. Extracting by manifest.
1385 silly tarball no local data for klona@https://registry.npmjs.org/klona/-/klona-2.0.6.tgz. Extracting by manifest.
1386 silly tarball no local data for isexe@https://registry.npmjs.org/isexe/-/isexe-2.0.0.tgz. Extracting by manifest.
1387 silly tarball no local data for isarray@https://registry.npmjs.org/isarray/-/isarray-1.0.0.tgz. Extracting by manifest.
1388 silly tarball no local data for is-wsl@https://registry.npmjs.org/is-wsl/-/is-wsl-3.1.1.tgz. Extracting by manifest.
1389 silly tarball no local data for jsonc-parser@https://registry.npmjs.org/jsonc-parser/-/jsonc-parser-3.3.1.tgz. Extracting by manifest.
1390 silly tarball no local data for is-plain-obj@https://registry.npmjs.org/is-plain-obj/-/is-plain-obj-4.1.0.tgz. Extracting by manifest.
1391 silly tarball no local data for is-stream@https://registry.npmjs.org/is-stream/-/is-stream-2.0.1.tgz. Extracting by manifest.
1392 silly tarball no local data for is-reference@https://registry.npmjs.org/is-reference/-/is-reference-3.0.3.tgz. Extracting by manifest.
1393 silly tarball no local data for is-hexadecimal@https://registry.npmjs.org/is-hexadecimal/-/is-hexadecimal-2.0.1.tgz. Extracting by manifest.
1394 silly tarball no local data for lucide-svelte@https://registry.npmjs.org/lucide-svelte/-/lucide-svelte-0.577.0.tgz. Extracting by manifest.
1395 silly tarball no local data for is-inside-container@https://registry.npmjs.org/is-inside-container/-/is-inside-container-1.0.0.tgz. Extracting by manifest.
1396 silly tarball no local data for is-glob@https://registry.npmjs.org/is-glob/-/is-glob-4.0.3.tgz. Extracting by manifest.
1397 silly tarball no local data for is-extglob@https://registry.npmjs.org/is-extglob/-/is-extglob-2.1.1.tgz. Extracting by manifest.
1398 silly tarball no local data for is-docker@https://registry.npmjs.org/is-docker/-/is-docker-4.0.0.tgz. Extracting by manifest.
1399 silly tarball no local data for is-decimal@https://registry.npmjs.org/is-decimal/-/is-decimal-2.0.1.tgz. Extracting by manifest.
1400 silly tarball no local data for is-fullwidth-code-point@https://registry.npmjs.org/is-fullwidth-code-point/-/is-fullwidth-code-point-3.0.0.tgz. Extracting by manifest.
1401 silly tarball no local data for is-alphanumerical@https://registry.npmjs.org/is-alphanumerical/-/is-alphanumerical-2.0.1.tgz. Extracting by manifest.
1402 silly tarball no local data for is-binary-path@https://registry.npmjs.org/is-binary-path/-/is-binary-path-2.1.0.tgz. Extracting by manifest.
1403 silly tarball no local data for iron-webcrypto@https://registry.npmjs.org/iron-webcrypto/-/iron-webcrypto-1.2.1.tgz. Extracting by manifest.
1404 silly tarball no local data for is-number@https://registry.npmjs.org/is-number/-/is-number-7.0.0.tgz. Extracting by manifest.
1405 silly tarball no local data for ipaddr.js@https://registry.npmjs.org/ipaddr.js/-/ipaddr.js-1.9.1.tgz. Extracting by manifest.
1406 silly tarball no local data for inline-style-parser@https://registry.npmjs.org/inline-style-parser/-/inline-style-parser-0.2.7.tgz. Extracting by manifest.
1407 silly tarball no local data for is-alphabetical@https://registry.npmjs.org/is-alphabetical/-/is-alphabetical-2.0.1.tgz. Extracting by manifest.
1408 silly tarball no local data for ieee754@https://registry.npmjs.org/ieee754/-/ieee754-1.2.1.tgz. Extracting by manifest.
1409 silly tarball no local data for inherits@https://registry.npmjs.org/inherits/-/inherits-2.0.4.tgz. Extracting by manifest.
1410 silly tarball no local data for http-errors@https://registry.npmjs.org/http-errors/-/http-errors-2.0.1.tgz. Extracting by manifest.
1411 silly tarball no local data for http-cache-semantics@https://registry.npmjs.org/http-cache-semantics/-/http-cache-semantics-4.2.0.tgz. Extracting by manifest.
1412 silly tarball no local data for html-escaper@https://registry.npmjs.org/html-escaper/-/html-escaper-3.0.3.tgz. Extracting by manifest.
1413 silly tarball no local data for hastscript@https://registry.npmjs.org/hastscript/-/hastscript-9.0.1.tgz. Extracting by manifest.
1414 silly tarball no local data for html-void-elements@https://registry.npmjs.org/html-void-elements/-/html-void-elements-3.0.0.tgz. Extracting by manifest.
1415 silly tarball no local data for i18next@https://registry.npmjs.org/i18next/-/i18next-26.3.4.tgz. Extracting by manifest.
1416 silly tarball no local data for hast-util-whitespace@https://registry.npmjs.org/hast-util-whitespace/-/hast-util-whitespace-3.0.0.tgz. Extracting by manifest.
1417 silly tarball no local data for hast-util-to-estree@https://registry.npmjs.org/hast-util-to-estree/-/hast-util-to-estree-3.1.3.tgz. Extracting by manifest.
1418 silly tarball no local data for hast-util-to-jsx-runtime@https://registry.npmjs.org/hast-util-to-jsx-runtime/-/hast-util-to-jsx-runtime-2.3.6.tgz. Extracting by manifest.
1419 silly tarball no local data for iconv-lite@https://registry.npmjs.org/iconv-lite/-/iconv-lite-0.4.24.tgz. Extracting by manifest.
1420 silly tarball no local data for html-whitespace-sensitive-tag-names@https://registry.npmjs.org/html-whitespace-sensitive-tag-names/-/html-whitespace-sensitive-tag-names-3.0.1.tgz. Extracting by manifest.
1421 silly tarball no local data for hast-util-to-string@https://registry.npmjs.org/hast-util-to-string/-/hast-util-to-string-3.0.1.tgz. Extracting by manifest.
1422 silly tarball no local data for hast-util-raw@https://registry.npmjs.org/hast-util-raw/-/hast-util-raw-9.1.0.tgz. Extracting by manifest.
1423 silly tarball no local data for hast-util-to-text@https://registry.npmjs.org/hast-util-to-text/-/hast-util-to-text-4.0.2.tgz. Extracting by manifest.
1424 silly tarball no local data for hast-util-select@https://registry.npmjs.org/hast-util-select/-/hast-util-select-6.0.4.tgz. Extracting by manifest.
1425 silly tarball no local data for hast-util-to-html@https://registry.npmjs.org/hast-util-to-html/-/hast-util-to-html-9.0.5.tgz. Extracting by manifest.
1426 silly tarball no local data for hast-util-phrasing@https://registry.npmjs.org/hast-util-phrasing/-/hast-util-phrasing-3.0.1.tgz. Extracting by manifest.
1427 silly tarball no local data for hast-util-is-body-ok-link@https://registry.npmjs.org/hast-util-is-body-ok-link/-/hast-util-is-body-ok-link-3.0.1.tgz. Extracting by manifest.
1428 silly tarball no local data for hast-util-to-parse5@https://registry.npmjs.org/hast-util-to-parse5/-/hast-util-to-parse5-8.0.1.tgz. Extracting by manifest.
1429 silly tarball no local data for hast-util-is-element@https://registry.npmjs.org/hast-util-is-element/-/hast-util-is-element-3.0.0.tgz. Extracting by manifest.
1430 silly tarball no local data for hast-util-has-property@https://registry.npmjs.org/hast-util-has-property/-/hast-util-has-property-3.0.0.tgz. Extracting by manifest.
1431 silly tarball no local data for has-symbols@https://registry.npmjs.org/has-symbols/-/has-symbols-1.1.0.tgz. Extracting by manifest.
1432 silly tarball no local data for hast-util-from-html@https://registry.npmjs.org/hast-util-from-html/-/hast-util-from-html-2.0.3.tgz. Extracting by manifest.
1433 silly tarball no local data for hast-util-embedded@https://registry.npmjs.org/hast-util-embedded/-/hast-util-embedded-3.0.0.tgz. Extracting by manifest.
1434 silly tarball no local data for hast-util-parse-selector@https://registry.npmjs.org/hast-util-parse-selector/-/hast-util-parse-selector-4.0.0.tgz. Extracting by manifest.
1435 silly tarball no local data for hasown@https://registry.npmjs.org/hasown/-/hasown-2.0.4.tgz. Extracting by manifest.
1436 silly tarball no local data for hast-util-minify-whitespace@https://registry.npmjs.org/hast-util-minify-whitespace/-/hast-util-minify-whitespace-1.0.1.tgz. Extracting by manifest.
1437 silly tarball no local data for hast-util-from-parse5@https://registry.npmjs.org/hast-util-from-parse5/-/hast-util-from-parse5-8.0.3.tgz. Extracting by manifest.
1438 silly tarball no local data for gopd@https://registry.npmjs.org/gopd/-/gopd-1.2.0.tgz. Extracting by manifest.
1439 silly tarball no local data for graceful-fs@https://registry.npmjs.org/graceful-fs/-/graceful-fs-4.2.11.tgz. Extracting by manifest.
1440 silly tarball no local data for glob@https://registry.npmjs.org/glob/-/glob-10.5.0.tgz. Extracting by manifest.
1441 silly tarball no local data for get-tsconfig@https://registry.npmjs.org/get-tsconfig/-/get-tsconfig-5.0.0-beta.4.tgz. Extracting by manifest.
1442 silly tarball no local data for github-slugger@https://registry.npmjs.org/github-slugger/-/github-slugger-2.0.0.tgz. Extracting by manifest.
1443 silly tarball no local data for hast-util-format@https://registry.npmjs.org/hast-util-format/-/hast-util-format-1.1.0.tgz. Extracting by manifest.
1444 silly tarball no local data for glob-parent@https://registry.npmjs.org/glob-parent/-/glob-parent-5.1.2.tgz. Extracting by manifest.
1445 silly tarball no local data for get-proto@https://registry.npmjs.org/get-proto/-/get-proto-1.0.1.tgz. Extracting by manifest.
1446 silly tarball no local data for h3@https://registry.npmjs.org/h3/-/h3-1.15.11.tgz. Extracting by manifest.
1447 silly tarball no local data for get-intrinsic@https://registry.npmjs.org/get-intrinsic/-/get-intrinsic-1.3.0.tgz. Extracting by manifest.
1448 silly tarball no local data for function-bind@https://registry.npmjs.org/function-bind/-/function-bind-1.1.2.tgz. Extracting by manifest.
1449 silly tarball no local data for fresh@https://registry.npmjs.org/fresh/-/fresh-0.5.2.tgz. Extracting by manifest.
1450 silly tarball no local data for fontkitten@https://registry.npmjs.org/fontkitten/-/fontkitten-1.0.3.tgz. Extracting by manifest.
1451 silly tarball no local data for fontace@https://registry.npmjs.org/fontace/-/fontace-0.4.1.tgz. Extracting by manifest.
1452 silly tarball no local data for forwarded@https://registry.npmjs.org/forwarded/-/forwarded-0.2.0.tgz. Extracting by manifest.
1453 silly tarball no local data for flattie@https://registry.npmjs.org/flattie/-/flattie-1.1.1.tgz. Extracting by manifest.
1454 silly tarball no local data for fsevents@https://registry.npmjs.org/fsevents/-/fsevents-2.3.3.tgz. Extracting by manifest.
1455 silly tarball no local data for fill-range@https://registry.npmjs.org/fill-range/-/fill-range-7.1.1.tgz. Extracting by manifest.
1456 silly tarball no local data for foreground-child@https://registry.npmjs.org/foreground-child/-/foreground-child-3.3.1.tgz. Extracting by manifest.
1457 silly tarball no local data for finalhandler@https://registry.npmjs.org/finalhandler/-/finalhandler-1.3.2.tgz. Extracting by manifest.
1458 silly tarball no local data for fast-wrap-ansi@https://registry.npmjs.org/fast-wrap-ansi/-/fast-wrap-ansi-0.2.2.tgz. Extracting by manifest.
1459 silly tarball no local data for fast-string-truncated-width@https://registry.npmjs.org/fast-string-truncated-width/-/fast-string-truncated-width-3.0.3.tgz. Extracting by manifest.
1460 silly tarball no local data for fast-fifo@https://registry.npmjs.org/fast-fifo/-/fast-fifo-1.3.2.tgz. Extracting by manifest.
1461 silly tarball no local data for expressive-code@https://registry.npmjs.org/expressive-code/-/expressive-code-0.44.0.tgz. Extracting by manifest.
1462 silly tarball no local data for expect-type@https://registry.npmjs.org/expect-type/-/expect-type-1.3.0.tgz. Extracting by manifest.
1463 silly tarball no local data for express@https://registry.npmjs.org/express/-/express-4.22.2.tgz. Extracting by manifest.
1464 silly tarball no local data for fast-string-width@https://registry.npmjs.org/fast-string-width/-/fast-string-width-3.0.2.tgz. Extracting by manifest.
1465 silly tarball no local data for extend@https://registry.npmjs.org/extend/-/extend-3.0.2.tgz. Extracting by manifest.
1466 silly tarball no local data for events-universal@https://registry.npmjs.org/events-universal/-/events-universal-1.0.1.tgz. Extracting by manifest.
1467 silly tarball no local data for events@https://registry.npmjs.org/events/-/events-3.3.0.tgz. Extracting by manifest.
1468 silly tarball no local data for estree-walker@https://registry.npmjs.org/estree-walker/-/estree-walker-3.0.3.tgz. Extracting by manifest.
1469 silly tarball no local data for eventemitter3@https://registry.npmjs.org/eventemitter3/-/eventemitter3-5.0.4.tgz. Extracting by manifest.
1470 silly tarball no local data for estree-util-visit@https://registry.npmjs.org/estree-util-visit/-/estree-util-visit-2.0.0.tgz. Extracting by manifest.
1471 silly tarball no local data for event-target-shim@https://registry.npmjs.org/event-target-shim/-/event-target-shim-5.0.1.tgz. Extracting by manifest.
1472 silly tarball no local data for estree-util-attach-comments@https://registry.npmjs.org/estree-util-attach-comments/-/estree-util-attach-comments-3.0.0.tgz. Extracting by manifest.
1473 silly tarball no local data for estree-util-is-identifier-name@https://registry.npmjs.org/estree-util-is-identifier-name/-/estree-util-is-identifier-name-3.0.0.tgz. Extracting by manifest.
1474 silly tarball no local data for escape-string-regexp@https://registry.npmjs.org/escape-string-regexp/-/escape-string-regexp-5.0.0.tgz. Extracting by manifest.
1475 silly tarball no local data for esbuild-svelte@https://registry.npmjs.org/esbuild-svelte/-/esbuild-svelte-0.9.4.tgz. Extracting by manifest.
1476 silly tarball no local data for esast-util-from-estree@https://registry.npmjs.org/esast-util-from-estree/-/esast-util-from-estree-2.0.0.tgz. Extracting by manifest.
1477 silly tarball no local data for estree-util-scope@https://registry.npmjs.org/estree-util-scope/-/estree-util-scope-1.0.0.tgz. Extracting by manifest.
1478 silly tarball no local data for esast-util-from-js@https://registry.npmjs.org/esast-util-from-js/-/esast-util-from-js-2.0.1.tgz. Extracting by manifest.
1479 silly tarball no local data for es-object-atoms@https://registry.npmjs.org/es-object-atoms/-/es-object-atoms-1.1.2.tgz. Extracting by manifest.
1480 silly tarball no local data for estree-util-build-jsx@https://registry.npmjs.org/estree-util-build-jsx/-/estree-util-build-jsx-3.0.1.tgz. Extracting by manifest.
1481 silly tarball no local data for es-errors@https://registry.npmjs.org/es-errors/-/es-errors-1.3.0.tgz. Extracting by manifest.
1482 silly tarball no local data for es-module-lexer@https://registry.npmjs.org/es-module-lexer/-/es-module-lexer-1.7.0.tgz. Extracting by manifest.
1483 silly tarball no local data for etag@https://registry.npmjs.org/etag/-/etag-1.8.1.tgz. Extracting by manifest.
1484 silly tarball no local data for estree-util-to-js@https://registry.npmjs.org/estree-util-to-js/-/estree-util-to-js-2.0.0.tgz. Extracting by manifest.
1485 silly tarball no local data for escape-html@https://registry.npmjs.org/escape-html/-/escape-html-1.0.3.tgz. Extracting by manifest.
1486 silly tarball no local data for entities@https://registry.npmjs.org/entities/-/entities-6.0.1.tgz. Extracting by manifest.
1487 silly tarball no local data for ee-first@https://registry.npmjs.org/ee-first/-/ee-first-1.1.1.tgz. Extracting by manifest.
1488 silly tarball no local data for eastasianwidth@https://registry.npmjs.org/eastasianwidth/-/eastasianwidth-0.2.0.tgz. Extracting by manifest.
1489 silly tarball no local data for emoji-regex@https://registry.npmjs.org/emoji-regex/-/emoji-regex-9.2.2.tgz. Extracting by manifest.
1490 silly tarball no local data for domutils@https://registry.npmjs.org/domutils/-/domutils-3.2.2.tgz. Extracting by manifest.
1491 silly tarball no local data for domhandler@https://registry.npmjs.org/domhandler/-/domhandler-5.0.3.tgz. Extracting by manifest.
1492 silly tarball no local data for dset@https://registry.npmjs.org/dset/-/dset-3.1.4.tgz. Extracting by manifest.
1493 silly tarball no local data for es-define-property@https://registry.npmjs.org/es-define-property/-/es-define-property-1.0.1.tgz. Extracting by manifest.
1494 silly tarball no local data for domelementtype@https://registry.npmjs.org/domelementtype/-/domelementtype-2.3.0.tgz. Extracting by manifest.
1495 silly tarball no local data for encodeurl@https://registry.npmjs.org/encodeurl/-/encodeurl-2.0.0.tgz. Extracting by manifest.
1496 silly tarball no local data for direction@https://registry.npmjs.org/direction/-/direction-2.0.1.tgz. Extracting by manifest.
1497 silly tarball no local data for devlop@https://registry.npmjs.org/devlop/-/devlop-1.1.0.tgz. Extracting by manifest.
1498 silly tarball no local data for diff@https://registry.npmjs.org/diff/-/diff-8.0.4.tgz. Extracting by manifest.
1499 silly tarball no local data for devalue@https://registry.npmjs.org/devalue/-/devalue-5.8.1.tgz. Extracting by manifest.
1500 silly tarball no local data for destr@https://registry.npmjs.org/destr/-/destr-2.0.5.tgz. Extracting by manifest.
1501 silly tarball no local data for destroy@https://registry.npmjs.org/destroy/-/destroy-1.2.0.tgz. Extracting by manifest.
1502 silly tarball no local data for detect-libc@https://registry.npmjs.org/detect-libc/-/detect-libc-2.1.2.tgz. Extracting by manifest.
1503 silly tarball no local data for dequal@https://registry.npmjs.org/dequal/-/dequal-2.0.3.tgz. Extracting by manifest.
1504 silly tarball no local data for dom-serializer@https://registry.npmjs.org/dom-serializer/-/dom-serializer-2.0.0.tgz. Extracting by manifest.
1505 silly tarball no local data for defu@https://registry.npmjs.org/defu/-/defu-6.1.7.tgz. Extracting by manifest.
1506 silly tarball no local data for dunder-proto@https://registry.npmjs.org/dunder-proto/-/dunder-proto-1.0.1.tgz. Extracting by manifest.
1507 silly tarball no local data for decode-named-character-reference@https://registry.npmjs.org/decode-named-character-reference/-/decode-named-character-reference-1.3.0.tgz. Extracting by manifest.
1508 silly tarball no local data for debug@https://registry.npmjs.org/debug/-/debug-2.6.9.tgz. Extracting by manifest.
1509 silly tarball no local data for cssesc@https://registry.npmjs.org/cssesc/-/cssesc-3.0.0.tgz. Extracting by manifest.
1510 silly tarball no local data for csso@https://registry.npmjs.org/csso/-/csso-5.0.5.tgz. Extracting by manifest.
1511 silly tarball no local data for depd@https://registry.npmjs.org/depd/-/depd-2.0.0.tgz. Extracting by manifest.
1512 silly tarball no local data for deep-eql@https://registry.npmjs.org/deep-eql/-/deep-eql-5.0.2.tgz. Extracting by manifest.
1513 silly tarball no local data for css-what@https://registry.npmjs.org/css-what/-/css-what-6.2.2.tgz. Extracting by manifest.
1514 silly tarball no local data for css-tree@https://registry.npmjs.org/css-tree/-/css-tree-2.3.1.tgz. Extracting by manifest.
1515 silly tarball no local data for crossws@https://registry.npmjs.org/crossws/-/crossws-0.3.5.tgz. Extracting by manifest.
1516 silly tarball no local data for cross-spawn@https://registry.npmjs.org/cross-spawn/-/cross-spawn-7.0.6.tgz. Extracting by manifest.
1517 silly tarball no local data for crc32-stream@https://registry.npmjs.org/crc32-stream/-/crc32-stream-6.0.0.tgz. Extracting by manifest.
1518 silly tarball no local data for crc-32@https://registry.npmjs.org/crc-32/-/crc-32-1.2.2.tgz. Extracting by manifest.
1519 silly tarball no local data for cors@https://registry.npmjs.org/cors/-/cors-2.8.6.tgz. Extracting by manifest.
1520 silly tarball no local data for css-selector-parser@https://registry.npmjs.org/css-selector-parser/-/css-selector-parser-3.3.0.tgz. Extracting by manifest.
1521 silly tarball no local data for core-util-is@https://registry.npmjs.org/core-util-is/-/core-util-is-1.0.3.tgz. Extracting by manifest.
1522 silly tarball no local data for cookie-signature@https://registry.npmjs.org/cookie-signature/-/cookie-signature-1.0.7.tgz. Extracting by manifest.
1523 silly tarball no local data for cookie-es@https://registry.npmjs.org/cookie-es/-/cookie-es-1.2.3.tgz. Extracting by manifest.
1524 silly tarball no local data for content-type@https://registry.npmjs.org/content-type/-/content-type-1.0.5.tgz. Extracting by manifest.
1525 silly tarball no local data for content-disposition@https://registry.npmjs.org/content-disposition/-/content-disposition-0.5.4.tgz. Extracting by manifest.
1526 silly tarball no local data for compression@https://registry.npmjs.org/compression/-/compression-1.8.1.tgz. Extracting by manifest.
1527 silly tarball no local data for compressible@https://registry.npmjs.org/compressible/-/compressible-2.0.18.tgz. Extracting by manifest.
1528 silly tarball no local data for compress-commons@https://registry.npmjs.org/compress-commons/-/compress-commons-6.0.2.tgz. Extracting by manifest.
1529 silly tarball no local data for common-ancestor-path@https://registry.npmjs.org/common-ancestor-path/-/common-ancestor-path-2.0.0.tgz. Extracting by manifest.
1530 silly tarball no local data for commander@https://registry.npmjs.org/commander/-/commander-11.1.0.tgz. Extracting by manifest.
1531 silly tarball no local data for comma-separated-tokens@https://registry.npmjs.org/comma-separated-tokens/-/comma-separated-tokens-2.0.3.tgz. Extracting by manifest.
1532 silly tarball no local data for color-name@https://registry.npmjs.org/color-name/-/color-name-1.1.4.tgz. Extracting by manifest.
1533 silly tarball no local data for color-convert@https://registry.npmjs.org/color-convert/-/color-convert-2.0.1.tgz. Extracting by manifest.
1534 silly tarball no local data for collapse-white-space@https://registry.npmjs.org/collapse-white-space/-/collapse-white-space-2.1.0.tgz. Extracting by manifest.
1535 silly tarball no local data for code-red@https://registry.npmjs.org/code-red/-/code-red-1.0.4.tgz. Extracting by manifest.
1536 silly tarball no local data for clsx@https://registry.npmjs.org/clsx/-/clsx-2.1.1.tgz. Extracting by manifest.
1537 silly tarball no local data for chokidar@https://registry.npmjs.org/chokidar/-/chokidar-3.6.0.tgz. Extracting by manifest.
1538 silly tarball no local data for ci-info@https://registry.npmjs.org/ci-info/-/ci-info-4.4.0.tgz. Extracting by manifest.
1539 silly tarball no local data for character-reference-invalid@https://registry.npmjs.org/character-reference-invalid/-/character-reference-invalid-2.0.1.tgz. Extracting by manifest.
1540 silly tarball no local data for check-error@https://registry.npmjs.org/check-error/-/check-error-2.1.3.tgz. Extracting by manifest.
1541 silly tarball no local data for character-entities-legacy@https://registry.npmjs.org/character-entities-legacy/-/character-entities-legacy-3.0.0.tgz. Extracting by manifest.
1542 silly tarball no local data for character-entities-html4@https://registry.npmjs.org/character-entities-html4/-/character-entities-html4-2.1.0.tgz. Extracting by manifest.
1543 silly tarball no local data for character-entities@https://registry.npmjs.org/character-entities/-/character-entities-2.0.2.tgz. Extracting by manifest.
1544 silly tarball no local data for chai@https://registry.npmjs.org/chai/-/chai-5.3.3.tgz. Extracting by manifest.
1545 silly tarball no local data for ccount@https://registry.npmjs.org/ccount/-/ccount-2.0.1.tgz. Extracting by manifest.
1546 silly tarball no local data for call-bound@https://registry.npmjs.org/call-bound/-/call-bound-1.0.4.tgz. Extracting by manifest.
1547 silly tarball no local data for call-bind-apply-helpers@https://registry.npmjs.org/call-bind-apply-helpers/-/call-bind-apply-helpers-1.0.2.tgz. Extracting by manifest.
1548 silly tarball no local data for cac@https://registry.npmjs.org/cac/-/cac-6.7.14.tgz. Extracting by manifest.
1549 silly tarball no local data for bytes@https://registry.npmjs.org/bytes/-/bytes-3.1.2.tgz. Extracting by manifest.
1550 silly tarball no local data for buffer-crc32@https://registry.npmjs.org/buffer-crc32/-/buffer-crc32-1.0.0.tgz. Extracting by manifest.
1551 silly tarball no local data for buffer@https://registry.npmjs.org/buffer/-/buffer-6.0.3.tgz. Extracting by manifest.
1552 silly tarball no local data for braces@https://registry.npmjs.org/braces/-/braces-3.0.3.tgz. Extracting by manifest.
1553 silly tarball no local data for brace-expansion@https://registry.npmjs.org/brace-expansion/-/brace-expansion-2.1.1.tgz. Extracting by manifest.
1554 silly tarball no local data for boolbase@https://registry.npmjs.org/boolbase/-/boolbase-1.0.0.tgz. Extracting by manifest.
1555 silly tarball no local data for binary-extensions@https://registry.npmjs.org/binary-extensions/-/binary-extensions-2.3.0.tgz. Extracting by manifest.
1556 silly tarball no local data for bcp-47@https://registry.npmjs.org/bcp-47/-/bcp-47-2.1.1.tgz. Extracting by manifest.
1557 silly tarball no local data for bcp-47-match@https://registry.npmjs.org/bcp-47-match/-/bcp-47-match-2.0.3.tgz. Extracting by manifest.
1558 silly tarball no local data for base64-js@https://registry.npmjs.org/base64-js/-/base64-js-1.5.1.tgz. Extracting by manifest.
1559 silly tarball no local data for bare-stream@https://registry.npmjs.org/bare-stream/-/bare-stream-2.11.0.tgz. Extracting by manifest.
1560 silly tarball no local data for bare-url@https://registry.npmjs.org/bare-url/-/bare-url-2.4.0.tgz. Extracting by manifest.
1561 silly tarball no local data for bare-path@https://registry.npmjs.org/bare-path/-/bare-path-3.0.0.tgz. Extracting by manifest.
1562 silly tarball no local data for body-parser@https://registry.npmjs.org/body-parser/-/body-parser-1.20.5.tgz. Extracting by manifest.
1563 silly tarball no local data for bare-fs@https://registry.npmjs.org/bare-fs/-/bare-fs-4.5.6.tgz. Extracting by manifest.
1564 silly tarball no local data for bare-os@https://registry.npmjs.org/bare-os/-/bare-os-3.8.0.tgz. Extracting by manifest.
1565 silly tarball no local data for bare-events@https://registry.npmjs.org/bare-events/-/bare-events-2.8.2.tgz. Extracting by manifest.
1566 silly tarball no local data for balanced-match@https://registry.npmjs.org/balanced-match/-/balanced-match-1.0.2.tgz. Extracting by manifest.
1567 silly tarball no local data for bail@https://registry.npmjs.org/bail/-/bail-2.0.2.tgz. Extracting by manifest.
1568 silly tarball no local data for b4a@https://registry.npmjs.org/b4a/-/b4a-1.8.0.tgz. Extracting by manifest.
1569 silly tarball no local data for axobject-query@https://registry.npmjs.org/axobject-query/-/axobject-query-4.1.0.tgz. Extracting by manifest.
1570 silly tarball no local data for async@https://registry.npmjs.org/async/-/async-3.2.6.tgz. Extracting by manifest.
1571 silly tarball no local data for astro@https://registry.npmjs.org/astro/-/astro-7.0.6.tgz. Extracting by manifest.
1572 silly tarball no local data for astring@https://registry.npmjs.org/astring/-/astring-1.9.0.tgz. Extracting by manifest.
1573 silly tarball no local data for assertion-error@https://registry.npmjs.org/assertion-error/-/assertion-error-2.0.1.tgz. Extracting by manifest.
1574 silly tarball no local data for array-iterate@https://registry.npmjs.org/array-iterate/-/array-iterate-2.0.1.tgz. Extracting by manifest.
1575 silly tarball no local data for array-flatten@https://registry.npmjs.org/array-flatten/-/array-flatten-1.1.1.tgz. Extracting by manifest.
1576 silly tarball no local data for cookie@https://registry.npmjs.org/cookie/-/cookie-0.7.2.tgz. Extracting by manifest.
1577 silly tarball no local data for aria-query@https://registry.npmjs.org/aria-query/-/aria-query-5.3.2.tgz. Extracting by manifest.
1578 silly tarball no local data for argparse@https://registry.npmjs.org/argparse/-/argparse-2.0.1.tgz. Extracting by manifest.
1579 silly tarball no local data for astro-expressive-code@https://registry.npmjs.org/astro-expressive-code/-/astro-expressive-code-0.44.0.tgz. Extracting by manifest.
1580 silly tarball no local data for archiver-utils@https://registry.npmjs.org/archiver-utils/-/archiver-utils-5.0.2.tgz. Extracting by manifest.
1581 silly tarball no local data for ansi-styles@https://registry.npmjs.org/ansi-styles/-/ansi-styles-6.2.3.tgz. Extracting by manifest.
1582 silly tarball no local data for archiver@https://registry.npmjs.org/archiver/-/archiver-7.0.1.tgz. Extracting by manifest.
1583 silly tarball no local data for ansi-regex@https://registry.npmjs.org/ansi-regex/-/ansi-regex-6.2.2.tgz. Extracting by manifest.
1584 silly tarball no local data for am-i-vibing@https://registry.npmjs.org/am-i-vibing/-/am-i-vibing-0.4.0.tgz. Extracting by manifest.
1585 silly tarball no local data for acorn-jsx@https://registry.npmjs.org/acorn-jsx/-/acorn-jsx-5.3.2.tgz. Extracting by manifest.
1586 silly tarball no local data for accepts@https://registry.npmjs.org/accepts/-/accepts-1.3.8.tgz. Extracting by manifest.
1587 silly tarball no local data for acorn@https://registry.npmjs.org/acorn/-/acorn-8.16.0.tgz. Extracting by manifest.
1588 silly tarball no local data for abort-controller@https://registry.npmjs.org/abort-controller/-/abort-controller-3.0.0.tgz. Extracting by manifest.
1589 silly tarball no local data for @vitest/utils@https://registry.npmjs.org/@vitest/utils/-/utils-3.2.6.tgz. Extracting by manifest.
1590 silly tarball no local data for anymatch@https://registry.npmjs.org/anymatch/-/anymatch-3.1.3.tgz. Extracting by manifest.
1591 silly tarball no local data for arg@https://registry.npmjs.org/arg/-/arg-5.0.2.tgz. Extracting by manifest.
1592 silly tarball no local data for @vitest/spy@https://registry.npmjs.org/@vitest/spy/-/spy-3.2.6.tgz. Extracting by manifest.
1593 silly tarball no local data for @vitest/snapshot@https://registry.npmjs.org/@vitest/snapshot/-/snapshot-3.2.6.tgz. Extracting by manifest.
1594 silly tarball no local data for @vitest/runner@https://registry.npmjs.org/@vitest/runner/-/runner-3.2.6.tgz. Extracting by manifest.
1595 silly tarball no local data for css-select@https://registry.npmjs.org/css-select/-/css-select-5.2.2.tgz. Extracting by manifest.
1596 silly tarball no local data for @vitest/mocker@https://registry.npmjs.org/@vitest/mocker/-/mocker-3.2.6.tgz. Extracting by manifest.
1597 silly tarball no local data for @ungap/structured-clone@https://registry.npmjs.org/@ungap/structured-clone/-/structured-clone-1.3.2.tgz. Extracting by manifest.
1598 silly tarball no local data for @types/unist@https://registry.npmjs.org/@types/unist/-/unist-3.0.3.tgz. Extracting by manifest.
1599 silly tarball no local data for @types/nlcst@https://registry.npmjs.org/@types/nlcst/-/nlcst-2.0.3.tgz. Extracting by manifest.
1600 silly tarball no local data for @types/node@https://registry.npmjs.org/@types/node/-/node-24.13.2.tgz. Extracting by manifest.
1601 silly tarball no local data for @types/ms@https://registry.npmjs.org/@types/ms/-/ms-2.1.0.tgz. Extracting by manifest.
1602 silly tarball no local data for @types/mdx@https://registry.npmjs.org/@types/mdx/-/mdx-2.0.14.tgz. Extracting by manifest.
1603 silly tarball no local data for @types/mdast@https://registry.npmjs.org/@types/mdast/-/mdast-4.0.4.tgz. Extracting by manifest.
1604 silly tarball no local data for @vitest/expect@https://registry.npmjs.org/@vitest/expect/-/expect-3.2.6.tgz. Extracting by manifest.
1605 silly tarball no local data for @vitest/pretty-format@https://registry.npmjs.org/@vitest/pretty-format/-/pretty-format-3.2.6.tgz. Extracting by manifest.
1606 silly tarball no local data for @types/estree-jsx@https://registry.npmjs.org/@types/estree-jsx/-/estree-jsx-1.0.5.tgz. Extracting by manifest.
1607 silly tarball no local data for @types/js-yaml@https://registry.npmjs.org/@types/js-yaml/-/js-yaml-4.0.9.tgz. Extracting by manifest.
1608 silly tarball no local data for @types/deep-eql@https://registry.npmjs.org/@types/deep-eql/-/deep-eql-4.0.2.tgz. Extracting by manifest.
1609 silly tarball no local data for @types/debug@https://registry.npmjs.org/@types/debug/-/debug-4.1.13.tgz. Extracting by manifest.
1610 silly tarball no local data for @types/hast@https://registry.npmjs.org/@types/hast/-/hast-3.0.4.tgz. Extracting by manifest.
1611 silly tarball no local data for @types/sax@https://registry.npmjs.org/@types/sax/-/sax-1.2.7.tgz. Extracting by manifest.
1612 silly tarball no local data for @types/chai@https://registry.npmjs.org/@types/chai/-/chai-5.2.3.tgz. Extracting by manifest.
1613 silly tarball no local data for @tybys/wasm-util@https://registry.npmjs.org/@tybys/wasm-util/-/wasm-util-0.10.3.tgz. Extracting by manifest.
1614 silly tarball no local data for @shikijs/types@https://registry.npmjs.org/@shikijs/types/-/types-4.3.1.tgz. Extracting by manifest.
1615 silly tarball no local data for @shikijs/primitive@https://registry.npmjs.org/@shikijs/primitive/-/primitive-4.3.1.tgz. Extracting by manifest.
1616 silly tarball no local data for @shikijs/themes@https://registry.npmjs.org/@shikijs/themes/-/themes-4.3.1.tgz. Extracting by manifest.
1617 silly tarball no local data for @types/estree@https://registry.npmjs.org/@types/estree/-/estree-1.0.8.tgz. Extracting by manifest.
1618 silly tarball no local data for @shikijs/engine-oniguruma@https://registry.npmjs.org/@shikijs/engine-oniguruma/-/engine-oniguruma-4.3.1.tgz. Extracting by manifest.
1619 silly tarball no local data for @rollup/rollup-darwin-arm64@https://registry.npmjs.org/@rollup/rollup-darwin-arm64/-/rollup-darwin-arm64-4.60.3.tgz. Extracting by manifest.
1620 silly tarball no local data for @shikijs/core@https://registry.npmjs.org/@shikijs/core/-/core-4.3.1.tgz. Extracting by manifest.
1621 silly tarball no local data for @shikijs/vscode-textmate@https://registry.npmjs.org/@shikijs/vscode-textmate/-/vscode-textmate-10.0.2.tgz. Extracting by manifest.
1622 silly tarball no local data for @rolldown/pluginutils@https://registry.npmjs.org/@rolldown/pluginutils/-/pluginutils-1.0.1.tgz. Extracting by manifest.
1623 silly tarball no local data for @shikijs/langs@https://registry.npmjs.org/@shikijs/langs/-/langs-4.3.1.tgz. Extracting by manifest.
1624 silly tarball no local data for @rollup/pluginutils@https://registry.npmjs.org/@rollup/pluginutils/-/pluginutils-5.4.0.tgz. Extracting by manifest.
1625 silly tarball no local data for @pkgjs/parseargs@https://registry.npmjs.org/@pkgjs/parseargs/-/parseargs-0.11.0.tgz. Extracting by manifest.
1626 silly tarball no local data for @pagefind/darwin-arm64@https://registry.npmjs.org/@pagefind/darwin-arm64/-/darwin-arm64-1.5.2.tgz. Extracting by manifest.
1627 silly tarball no local data for @rolldown/binding-darwin-arm64@https://registry.npmjs.org/@rolldown/binding-darwin-arm64/-/binding-darwin-arm64-1.1.4.tgz. Extracting by manifest.
1628 silly tarball no local data for @oxlint/binding-darwin-arm64@https://registry.npmjs.org/@oxlint/binding-darwin-arm64/-/binding-darwin-arm64-1.70.0.tgz. Extracting by manifest.
1629 silly tarball no local data for @pagefind/default-ui@https://registry.npmjs.org/@pagefind/default-ui/-/default-ui-1.5.2.tgz. Extracting by manifest.
1630 silly tarball no local data for @oxc-project/types@https://registry.npmjs.org/@oxc-project/types/-/types-0.138.0.tgz. Extracting by manifest.
1631 silly tarball no local data for @shikijs/engine-javascript@https://registry.npmjs.org/@shikijs/engine-javascript/-/engine-javascript-4.3.1.tgz. Extracting by manifest.
1632 silly tarball no local data for @mdx-js/mdx@https://registry.npmjs.org/@mdx-js/mdx/-/mdx-3.1.1.tgz. Extracting by manifest.
1633 silly tarball no local data for @oslojs/encoding@https://registry.npmjs.org/@oslojs/encoding/-/encoding-1.1.0.tgz. Extracting by manifest.
1634 silly tarball no local data for @noble/hashes@https://registry.npmjs.org/@noble/hashes/-/hashes-2.2.0.tgz. Extracting by manifest.
1635 silly tarball no local data for @napi-rs/wasm-runtime@https://registry.npmjs.org/@napi-rs/wasm-runtime/-/wasm-runtime-1.1.6.tgz. Extracting by manifest.
1636 silly tarball no local data for @jridgewell/resolve-uri@https://registry.npmjs.org/@jridgewell/resolve-uri/-/resolve-uri-3.1.2.tgz. Extracting by manifest.
1637 silly tarball no local data for @img/sharp-wasm32@https://registry.npmjs.org/@img/sharp-wasm32/-/sharp-wasm32-0.35.3.tgz. Extracting by manifest.
1638 silly tarball no local data for @jridgewell/sourcemap-codec@https://registry.npmjs.org/@jridgewell/sourcemap-codec/-/sourcemap-codec-1.5.5.tgz. Extracting by manifest.
1639 silly tarball no local data for @jridgewell/trace-mapping@https://registry.npmjs.org/@jridgewell/trace-mapping/-/trace-mapping-0.3.31.tgz. Extracting by manifest.
1640 silly tarball no local data for @img/sharp-libvips-darwin-arm64@https://registry.npmjs.org/@img/sharp-libvips-darwin-arm64/-/sharp-libvips-darwin-arm64-1.3.2.tgz. Extracting by manifest.
1641 silly tarball no local data for @img/colour@https://registry.npmjs.org/@img/colour/-/colour-1.1.0.tgz. Extracting by manifest.
1642 silly tarball no local data for @expressive-code/plugin-shiki@https://registry.npmjs.org/@expressive-code/plugin-shiki/-/plugin-shiki-0.44.0.tgz. Extracting by manifest.
1643 silly tarball no local data for @jridgewell/gen-mapping@https://registry.npmjs.org/@jridgewell/gen-mapping/-/gen-mapping-0.3.13.tgz. Extracting by manifest.
1644 silly tarball no local data for @expressive-code/plugin-frames@https://registry.npmjs.org/@expressive-code/plugin-frames/-/plugin-frames-0.44.0.tgz. Extracting by manifest.
1645 silly tarball no local data for @img/sharp-darwin-arm64@https://registry.npmjs.org/@img/sharp-darwin-arm64/-/sharp-darwin-arm64-0.35.3.tgz. Extracting by manifest.
1646 silly tarball no local data for @expressive-code/plugin-text-markers@https://registry.npmjs.org/@expressive-code/plugin-text-markers/-/plugin-text-markers-0.44.0.tgz. Extracting by manifest.
1647 silly tarball no local data for @emnapi/wasi-threads@https://registry.npmjs.org/@emnapi/wasi-threads/-/wasi-threads-1.2.2.tgz. Extracting by manifest.
1648 silly tarball no local data for @isaacs/cliui@https://registry.npmjs.org/@isaacs/cliui/-/cliui-8.0.2.tgz. Extracting by manifest.
1649 silly tarball no local data for @clack/core@https://registry.npmjs.org/@clack/core/-/core-1.4.3.tgz. Extracting by manifest.
1650 silly tarball no local data for @ctrl/tinycolor@https://registry.npmjs.org/@ctrl/tinycolor/-/tinycolor-4.2.0.tgz. Extracting by manifest.
1651 silly tarball no local data for @clack/prompts@https://registry.npmjs.org/@clack/prompts/-/prompts-1.7.0.tgz. Extracting by manifest.
1652 silly tarball no local data for @capsizecss/unpack@https://registry.npmjs.org/@capsizecss/unpack/-/unpack-4.0.1.tgz. Extracting by manifest.
1653 silly tarball no local data for @fontsource/noto-sans@https://registry.npmjs.org/@fontsource/noto-sans/-/noto-sans-5.2.10.tgz. Extracting by manifest.
1654 silly tarball no local data for @emnapi/core@https://registry.npmjs.org/@emnapi/core/-/core-1.11.2.tgz. Extracting by manifest.
1655 silly tarball no local data for @emnapi/runtime@https://registry.npmjs.org/@emnapi/runtime/-/runtime-1.11.2.tgz. Extracting by manifest.
1656 silly tarball no local data for @babel/types@https://registry.npmjs.org/@babel/types/-/types-7.29.7.tgz. Extracting by manifest.
1657 silly tarball no local data for @babel/parser@https://registry.npmjs.org/@babel/parser/-/parser-7.29.7.tgz. Extracting by manifest.
1658 silly tarball no local data for @astrojs/starlight@https://registry.npmjs.org/@astrojs/starlight/-/starlight-0.41.3.tgz. Extracting by manifest.
1659 silly tarball no local data for @babel/helper-string-parser@https://registry.npmjs.org/@babel/helper-string-parser/-/helper-string-parser-7.29.7.tgz. Extracting by manifest.
1660 silly tarball no local data for @astrojs/telemetry@https://registry.npmjs.org/@astrojs/telemetry/-/telemetry-3.3.2.tgz. Extracting by manifest.
1661 silly tarball no local data for @babel/helper-validator-identifier@https://registry.npmjs.org/@babel/helper-validator-identifier/-/helper-validator-identifier-7.29.7.tgz. Extracting by manifest.
1662 silly tarball no local data for @astrojs/sitemap@https://registry.npmjs.org/@astrojs/sitemap/-/sitemap-3.7.3.tgz. Extracting by manifest.
1663 silly tarball no local data for @bruits/satteri-darwin-arm64@https://registry.npmjs.org/@bruits/satteri-darwin-arm64/-/satteri-darwin-arm64-0.9.4.tgz. Extracting by manifest.
1664 silly tarball no local data for @astrojs/markdown-satteri@https://registry.npmjs.org/@astrojs/markdown-satteri/-/markdown-satteri-0.3.3.tgz. Extracting by manifest.
1665 silly tarball no local data for @astrojs/internal-helpers@https://registry.npmjs.org/@astrojs/internal-helpers/-/internal-helpers-0.10.1.tgz. Extracting by manifest.
1666 silly tarball no local data for @astrojs/mdx@https://registry.npmjs.org/@astrojs/mdx/-/mdx-7.0.2.tgz. Extracting by manifest.
1667 silly tarball no local data for @astrojs/compiler-binding-darwin-arm64@https://registry.npmjs.org/@astrojs/compiler-binding-darwin-arm64/-/compiler-binding-darwin-arm64-0.3.0.tgz. Extracting by manifest.
1668 silly tarball no local data for @expressive-code/core@https://registry.npmjs.org/@expressive-code/core/-/core-0.44.0.tgz. Extracting by manifest.
1669 silly tarball no local data for @astrojs/compiler-rs@https://registry.npmjs.org/@astrojs/compiler-rs/-/compiler-rs-0.3.0.tgz. Extracting by manifest.
1670 silly tarball no local data for @astrojs/compiler-binding@https://registry.npmjs.org/@astrojs/compiler-binding/-/compiler-binding-0.3.0.tgz. Extracting by manifest.
1671 silly tarball no local data for @ampproject/remapping@https://registry.npmjs.org/@ampproject/remapping/-/remapping-2.3.0.tgz. Extracting by manifest.
1672 silly tarball no local data for ansi-styles@https://registry.npmjs.org/ansi-styles/-/ansi-styles-4.3.0.tgz. Extracting by manifest.
1673 silly tarball no local data for @astrojs/markdown-remark@https://registry.npmjs.org/@astrojs/markdown-remark/-/markdown-remark-7.2.1.tgz. Extracting by manifest.
1674 silly tarball no local data for picomatch@https://registry.npmjs.org/picomatch/-/picomatch-4.0.4.tgz. Extracting by manifest.
1675 silly tarball no local data for ms@https://registry.npmjs.org/ms/-/ms-2.1.3.tgz. Extracting by manifest.
1676 silly tarball no local data for emoji-regex@https://registry.npmjs.org/emoji-regex/-/emoji-regex-8.0.0.tgz. Extracting by manifest.
1677 silly tarball no local data for debug@https://registry.npmjs.org/debug/-/debug-4.4.3.tgz. Extracting by manifest.
1678 silly tarball no local data for ms@https://registry.npmjs.org/ms/-/ms-2.1.3.tgz. Extracting by manifest.
1679 silly tarball no local data for ansi-regex@https://registry.npmjs.org/ansi-regex/-/ansi-regex-5.0.1.tgz. Extracting by manifest.
1680 silly tarball no local data for debug@https://registry.npmjs.org/debug/-/debug-4.4.3.tgz. Extracting by manifest.
1681 silly tarball no local data for picomatch@https://registry.npmjs.org/picomatch/-/picomatch-4.0.4.tgz. Extracting by manifest.
1682 silly tarball no local data for fdir@https://registry.npmjs.org/fdir/-/fdir-6.5.0.tgz. Extracting by manifest.
1683 silly tarball no local data for esbuild@https://registry.npmjs.org/esbuild/-/esbuild-0.27.7.tgz. Extracting by manifest.
1684 silly tarball no local data for lru-cache@https://registry.npmjs.org/lru-cache/-/lru-cache-11.5.1.tgz. Extracting by manifest.
1685 silly tarball no local data for string-width@https://registry.npmjs.org/string-width/-/string-width-4.2.3.tgz. Extracting by manifest.
1686 silly tarball no local data for chokidar@https://registry.npmjs.org/chokidar/-/chokidar-5.0.0.tgz. Extracting by manifest.
1687 silly tarball no local data for @esbuild/darwin-arm64@https://registry.npmjs.org/@esbuild/darwin-arm64/-/darwin-arm64-0.27.7.tgz. Extracting by manifest.
1688 silly tarball no local data for mdn-data@https://registry.npmjs.org/mdn-data/-/mdn-data-2.27.1.tgz. Extracting by manifest.
1689 silly tarball no local data for css-tree@https://registry.npmjs.org/css-tree/-/css-tree-3.2.1.tgz. Extracting by manifest.
1690 silly tarball no local data for picomatch@https://registry.npmjs.org/picomatch/-/picomatch-4.0.4.tgz. Extracting by manifest.
1691 silly tarball no local data for fdir@https://registry.npmjs.org/fdir/-/fdir-6.5.0.tgz. Extracting by manifest.
1692 silly tarball no local data for mdn-data@https://registry.npmjs.org/mdn-data/-/mdn-data-2.27.1.tgz. Extracting by manifest.
1693 silly tarball no local data for css-tree@https://registry.npmjs.org/css-tree/-/css-tree-3.2.1.tgz. Extracting by manifest.
1694 silly tarball no local data for ansi-regex@https://registry.npmjs.org/ansi-regex/-/ansi-regex-5.0.1.tgz. Extracting by manifest.
1695 silly tarball no local data for strip-ansi@https://registry.npmjs.org/strip-ansi/-/strip-ansi-6.0.1.tgz. Extracting by manifest.
1696 silly tarball no local data for @astrojs/prism@https://registry.npmjs.org/@astrojs/prism/-/prism-4.0.2.tgz. Extracting by manifest.
1697 silly tarball no local data for emoji-regex@https://registry.npmjs.org/emoji-regex/-/emoji-regex-8.0.0.tgz. Extracting by manifest.
1698 silly tarball no local data for minimatch@https://registry.npmjs.org/minimatch/-/minimatch-5.1.9.tgz. Extracting by manifest.
1699 silly tarball no local data for debug@https://registry.npmjs.org/debug/-/debug-4.4.3.tgz. Extracting by manifest.
1700 silly tarball no local data for ms@https://registry.npmjs.org/ms/-/ms-2.1.3.tgz. Extracting by manifest.
1701 silly tarball no local data for readdirp@https://registry.npmjs.org/readdirp/-/readdirp-5.0.0.tgz. Extracting by manifest.
1702 silly tarball no local data for string_decoder@https://registry.npmjs.org/string_decoder/-/string_decoder-1.1.1.tgz. Extracting by manifest.
1703 silly tarball no local data for @types/unist@https://registry.npmjs.org/@types/unist/-/unist-2.0.11.tgz. Extracting by manifest.
1704 silly tarball no local data for ansi-regex@https://registry.npmjs.org/ansi-regex/-/ansi-regex-5.0.1.tgz. Extracting by manifest.
1705 silly tarball no local data for readable-stream@https://registry.npmjs.org/readable-stream/-/readable-stream-2.3.8.tgz. Extracting by manifest.
1706 silly tarball no local data for is-docker@https://registry.npmjs.org/is-docker/-/is-docker-3.0.0.tgz. Extracting by manifest.
1707 silly tarball no local data for entities@https://registry.npmjs.org/entities/-/entities-4.5.0.tgz. Extracting by manifest.
1708 silly tarball no local data for mdn-data@https://registry.npmjs.org/mdn-data/-/mdn-data-2.0.28.tgz. Extracting by manifest.
1709 silly tarball no local data for css-tree@https://registry.npmjs.org/css-tree/-/css-tree-2.2.1.tgz. Extracting by manifest.
1710 silly tarball no local data for vite@https://registry.npmjs.org/vite/-/vite-8.1.3.tgz. Extracting by manifest.
1711 silly tarball no local data for esbuild@https://registry.npmjs.org/esbuild/-/esbuild-0.28.1.tgz. Extracting by manifest.
1712 silly tarball no local data for negotiator@https://registry.npmjs.org/negotiator/-/negotiator-0.6.4.tgz. Extracting by manifest.
1713 silly tarball no local data for tinyexec@https://registry.npmjs.org/tinyexec/-/tinyexec-1.2.4.tgz. Extracting by manifest.
1714 silly tarball no local data for cookie@https://registry.npmjs.org/cookie/-/cookie-1.1.1.tgz. Extracting by manifest.
1715 silly tarball no local data for es-module-lexer@https://registry.npmjs.org/es-module-lexer/-/es-module-lexer-2.3.0.tgz. Extracting by manifest.
1716 silly tarball no local data for picomatch@https://registry.npmjs.org/picomatch/-/picomatch-4.0.5.tgz. Extracting by manifest.
1717 silly tarball no local data for @esbuild/darwin-arm64@https://registry.npmjs.org/@esbuild/darwin-arm64/-/darwin-arm64-0.28.1.tgz. Extracting by manifest.
1718 silly tarball no local data for picomatch@https://registry.npmjs.org/picomatch/-/picomatch-4.0.5.tgz. Extracting by manifest.
1719 silly tarball no local data for estree-walker@https://registry.npmjs.org/estree-walker/-/estree-walker-2.0.2.tgz. Extracting by manifest.
1720 silly tarball no local data for @emnapi/runtime@https://registry.npmjs.org/@emnapi/runtime/-/runtime-1.11.1.tgz. Extracting by manifest.
1721 silly tarball no local data for @emnapi/core@https://registry.npmjs.org/@emnapi/core/-/core-1.11.1.tgz. Extracting by manifest.
1722 silly tarball no local data for @emnapi/runtime@https://registry.npmjs.org/@emnapi/runtime/-/runtime-1.11.1.tgz. Extracting by manifest.
1723 silly tarball no local data for @emnapi/core@https://registry.npmjs.org/@emnapi/core/-/core-1.11.1.tgz. Extracting by manifest.
1724 silly tarball no local data for strip-ansi@https://registry.npmjs.org/strip-ansi/-/strip-ansi-6.0.1.tgz. Extracting by manifest.
1725 silly tarball no local data for picomatch@https://registry.npmjs.org/picomatch/-/picomatch-4.0.5.tgz. Extracting by manifest.
1726 silly tarball no local data for ms@https://registry.npmjs.org/ms/-/ms-2.1.3.tgz. Extracting by manifest.
1727 silly tarball no local data for safe-buffer@https://registry.npmjs.org/safe-buffer/-/safe-buffer-5.1.2.tgz. Extracting by manifest.
1728 silly tarball no local data for es-module-lexer@https://registry.npmjs.org/es-module-lexer/-/es-module-lexer-2.3.0.tgz. Extracting by manifest.
1729 http fetch GET 200 https://registry.npmjs.org/zwitch/-/zwitch-2.0.4.tgz 252ms (cache miss)
1730 http fetch GET 200 https://registry.npmjs.org/zip-stream/-/zip-stream-6.0.1.tgz 261ms (cache miss)
1731 http fetch GET 200 https://registry.npmjs.org/esbuild/-/esbuild-0.20.0.tgz 262ms (cache miss)
1732 http fetch GET 200 https://registry.npmjs.org/yargs-parser/-/yargs-parser-22.0.0.tgz 279ms (cache miss)
1733 http fetch GET 200 https://registry.npmjs.org/yocto-queue/-/yocto-queue-1.2.2.tgz 286ms (cache miss)
1734 http fetch GET 200 https://registry.npmjs.org/vitefu/-/vitefu-1.1.3.tgz 438ms (cache miss)
1735 http fetch GET 200 https://registry.npmjs.org/which/-/which-2.0.2.tgz 457ms (cache miss)
1736 http fetch GET 200 https://registry.npmjs.org/vite-node/-/vite-node-3.2.4.tgz 479ms (cache miss)
1737 http fetch GET 200 https://registry.npmjs.org/vfile-message/-/vfile-message-4.0.3.tgz 620ms (cache miss)
1738 http fetch GET 200 https://registry.npmjs.org/vfile/-/vfile-6.0.3.tgz 627ms (cache miss)
1739 http fetch GET 200 https://registry.npmjs.org/which-pm-runs/-/which-pm-runs-1.1.0.tgz 636ms (cache miss)
1740 http fetch GET 200 https://registry.npmjs.org/vfile-location/-/vfile-location-5.0.3.tgz 650ms (cache miss)
1741 http fetch GET 200 https://registry.npmjs.org/why-is-node-running/-/why-is-node-running-2.3.0.tgz 797ms (cache miss)
1742 http fetch GET 200 https://registry.npmjs.org/web-namespaces/-/web-namespaces-2.0.1.tgz 805ms (cache miss)
1743 http fetch GET 200 https://registry.npmjs.org/wrap-ansi/-/wrap-ansi-7.0.0.tgz 809ms (cache miss)
1744 http fetch GET 200 https://registry.npmjs.org/xxhash-wasm/-/xxhash-wasm-1.1.0.tgz 823ms (cache miss)
1745 http fetch GET 200 https://registry.npmjs.org/util-deprecate/-/util-deprecate-1.0.2.tgz 827ms (cache miss)
1746 http fetch GET 200 https://registry.npmjs.org/url-extras/-/url-extras-0.1.0.tgz 828ms (cache miss)
1747 http fetch GET 200 https://registry.npmjs.org/unist-util-visit-children/-/unist-util-visit-children-3.0.0.tgz 831ms (cache miss)
1748 http fetch GET 200 https://registry.npmjs.org/ws/-/ws-8.21.0.tgz 840ms (cache miss)
1749 http fetch GET 200 https://registry.npmjs.org/wrap-ansi/-/wrap-ansi-8.1.0.tgz 842ms (cache miss)
1750 http fetch GET 200 https://registry.npmjs.org/unstorage/-/unstorage-1.17.5.tgz 876ms (cache miss)
1751 http fetch GET 200 https://registry.npmjs.org/vite/-/vite-7.3.3.tgz 930ms (cache miss)
1752 http fetch GET 200 https://registry.npmjs.org/unpipe/-/unpipe-1.0.0.tgz 939ms (cache miss)
1753 http fetch GET 200 https://registry.npmjs.org/vary/-/vary-1.1.2.tgz 954ms (cache miss)
1754 http fetch GET 200 https://registry.npmjs.org/unist-util-visit-parents/-/unist-util-visit-parents-6.0.2.tgz 958ms (cache miss)
1755 http fetch GET 200 https://registry.npmjs.org/unist-util-remove-position/-/unist-util-remove-position-5.0.0.tgz 968ms (cache miss)
1756 http fetch GET 200 https://registry.npmjs.org/unist-util-visit/-/unist-util-visit-5.1.0.tgz 980ms (cache miss)
1757 http fetch GET 200 https://registry.npmjs.org/unist-util-modify-children/-/unist-util-modify-children-4.0.0.tgz 1015ms (cache miss)
1758 http fetch GET 200 https://registry.npmjs.org/unist-util-stringify-position/-/unist-util-stringify-position-4.0.0.tgz 1016ms (cache miss)
1759 http fetch GET 200 https://registry.npmjs.org/unist-util-position-from-estree/-/unist-util-position-from-estree-2.0.0.tgz 1024ms (cache miss)
1760 http fetch GET 200 https://registry.npmjs.org/unist-util-find-after/-/unist-util-find-after-5.0.0.tgz 1125ms (cache miss)
1761 http fetch GET 200 https://registry.npmjs.org/unist-util-is/-/unist-util-is-6.0.1.tgz 1125ms (cache miss)
1762 http fetch GET 200 https://registry.npmjs.org/unifont/-/unifont-0.7.4.tgz 1125ms (cache miss)
1763 http fetch GET 200 https://registry.npmjs.org/unist-util-position/-/unist-util-position-5.0.0.tgz 1126ms (cache miss)
1764 http fetch GET 200 https://registry.npmjs.org/utils-merge/-/utils-merge-1.0.1.tgz 1129ms (cache miss)
1765 http fetch GET 200 https://registry.npmjs.org/@esbuild/darwin-arm64/-/darwin-arm64-0.20.0.tgz 1140ms (cache miss)
1766 http fetch GET 200 https://registry.npmjs.org/ufo/-/ufo-1.6.4.tgz 1159ms (cache miss)
1767 http fetch GET 200 https://registry.npmjs.org/unified/-/unified-11.0.5.tgz 1159ms (cache miss)
1768 http fetch GET 200 https://registry.npmjs.org/type-is/-/type-is-1.6.18.tgz 1169ms (cache miss)
1769 http fetch GET 200 https://registry.npmjs.org/undici-types/-/undici-types-7.18.2.tgz 1174ms (cache miss)
1770 http fetch GET 200 https://registry.npmjs.org/tslib/-/tslib-2.8.1.tgz 1203ms (cache miss)
1771 http fetch GET 200 https://registry.npmjs.org/vitest/-/vitest-3.2.6.tgz 1225ms (cache miss)
1772 http fetch GET 200 https://registry.npmjs.org/ultrahtml/-/ultrahtml-1.6.0.tgz 1292ms (cache miss)
1773 http fetch GET 200 https://registry.npmjs.org/to-regex-range/-/to-regex-range-5.0.1.tgz 1295ms (cache miss)
1774 http fetch GET 200 https://registry.npmjs.org/uncrypto/-/uncrypto-0.1.3.tgz 1299ms (cache miss)
1775 http fetch GET 200 https://registry.npmjs.org/tinyglobby/-/tinyglobby-0.2.17.tgz 1306ms (cache miss)
1776 http fetch GET 200 https://registry.npmjs.org/toidentifier/-/toidentifier-1.0.1.tgz 1327ms (cache miss)
1777 http fetch GET 200 https://registry.npmjs.org/tinypool/-/tinypool-1.1.1.tgz 1338ms (cache miss)
1778 http fetch GET 200 https://registry.npmjs.org/tinyclip/-/tinyclip-0.1.15.tgz 1340ms (cache miss)
1779 http fetch GET 200 https://registry.npmjs.org/trough/-/trough-2.2.0.tgz 1343ms (cache miss)
1780 http fetch GET 200 https://registry.npmjs.org/trim-lines/-/trim-lines-3.0.1.tgz 1349ms (cache miss)
1781 http fetch GET 200 https://registry.npmjs.org/tinyexec/-/tinyexec-0.3.2.tgz 1361ms (cache miss)
1782 http fetch GET 200 https://registry.npmjs.org/tinybench/-/tinybench-2.9.0.tgz 1365ms (cache miss)
1783 http fetch GET 200 https://registry.npmjs.org/tiny-inflate/-/tiny-inflate-1.0.3.tgz 1398ms (cache miss)
1784 http fetch GET 200 https://registry.npmjs.org/text-decoder/-/text-decoder-1.2.7.tgz 1411ms (cache miss)
1785 http fetch GET 200 https://registry.npmjs.org/zod/-/zod-4.4.3.tgz 1431ms (cache miss)
1786 http fetch GET 200 https://registry.npmjs.org/tinyrainbow/-/tinyrainbow-2.0.0.tgz 1463ms (cache miss)
1787 http fetch GET 200 https://registry.npmjs.org/teex/-/teex-1.0.1.tgz 1472ms (cache miss)
1788 http fetch GET 200 https://registry.npmjs.org/strip-ansi/-/strip-ansi-6.0.1.tgz 1507ms (cache miss)
1789 http fetch GET 200 https://registry.npmjs.org/tinyspy/-/tinyspy-4.0.4.tgz 1511ms (cache miss)
1790 http fetch GET 200 https://registry.npmjs.org/strip-literal/-/strip-literal-3.1.0.tgz 1531ms (cache miss)
1791 http fetch GET 200 https://registry.npmjs.org/tar-stream/-/tar-stream-3.1.8.tgz 1647ms (cache miss)
1792 http fetch GET 200 https://registry.npmjs.org/string-width/-/string-width-5.1.2.tgz 1648ms (cache miss)
1793 http fetch GET 200 https://registry.npmjs.org/string_decoder/-/string_decoder-1.3.0.tgz 1648ms (cache miss)
1794 http fetch GET 200 https://registry.npmjs.org/string-width/-/string-width-4.2.3.tgz 1648ms (cache miss)
1795 http fetch GET 200 https://registry.npmjs.org/strip-ansi/-/strip-ansi-7.2.0.tgz 1648ms (cache miss)
1796 http fetch GET 200 https://registry.npmjs.org/streamx/-/streamx-2.25.0.tgz 1648ms (cache miss)
1797 http fetch GET 200 https://registry.npmjs.org/style-to-js/-/style-to-js-1.1.21.tgz 1655ms (cache miss)
1798 http fetch GET 200 https://registry.npmjs.org/stringify-entities/-/stringify-entities-4.0.4.tgz 1655ms (cache miss)
1799 http fetch GET 200 https://registry.npmjs.org/stream-replace-string/-/stream-replace-string-2.0.0.tgz 1661ms (cache miss)
1800 http fetch GET 200 https://registry.npmjs.org/svgo/-/svgo-4.0.1.tgz 1667ms (cache miss)
1801 http fetch GET 200 https://registry.npmjs.org/std-env/-/std-env-3.10.0.tgz 1683ms (cache miss)
1802 http fetch GET 200 https://registry.npmjs.org/stackback/-/stackback-0.0.2.tgz 1693ms (cache miss)
1803 http fetch GET 200 https://registry.npmjs.org/style-to-object/-/style-to-object-1.0.14.tgz 1721ms (cache miss)
1804 http fetch GET 200 https://registry.npmjs.org/siginfo/-/siginfo-2.0.0.tgz 1809ms (cache miss)
1805 http fetch GET 200 https://registry.npmjs.org/side-channel-weakmap/-/side-channel-weakmap-1.0.2.tgz 1820ms (cache miss)
1806 http fetch GET 200 https://registry.npmjs.org/source-map/-/source-map-0.7.6.tgz 1822ms (cache miss)
1807 http fetch GET 200 https://registry.npmjs.org/sisteransi/-/sisteransi-1.0.5.tgz 1837ms (cache miss)
1808 http fetch GET 200 https://registry.npmjs.org/statuses/-/statuses-2.0.2.tgz 1841ms (cache miss)
1809 http fetch GET 200 https://registry.npmjs.org/side-channel/-/side-channel-1.1.1.tgz 1849ms (cache miss)
1810 http fetch GET 200 https://registry.npmjs.org/source-map-js/-/source-map-js-1.2.1.tgz 1851ms (cache miss)
1811 http fetch GET 200 https://registry.npmjs.org/smol-toml/-/smol-toml-1.7.0.tgz 1852ms (cache miss)
1812 http fetch GET 200 https://registry.npmjs.org/signal-exit/-/signal-exit-4.1.0.tgz 1855ms (cache miss)
1813 http fetch GET 200 https://registry.npmjs.org/shebang-command/-/shebang-command-2.0.0.tgz 1859ms (cache miss)
1814 http fetch GET 200 https://registry.npmjs.org/sitemap/-/sitemap-9.0.1.tgz 1887ms (cache miss)
1815 http fetch GET 200 https://registry.npmjs.org/sharp/-/sharp-0.35.3.tgz 1914ms (cache miss)
1816 http fetch GET 200 https://registry.npmjs.org/setprototypeof/-/setprototypeof-1.2.0.tgz 1985ms (cache miss)
1817 http fetch GET 200 https://registry.npmjs.org/space-separated-tokens/-/space-separated-tokens-2.0.2.tgz 1995ms (cache miss)
1818 http fetch GET 200 https://registry.npmjs.org/shebang-regex/-/shebang-regex-3.0.0.tgz 1997ms (cache miss)
1819 http fetch GET 200 https://registry.npmjs.org/serve-static/-/serve-static-1.16.3.tgz 2017ms (cache miss)
1820 http fetch GET 200 https://registry.npmjs.org/svelte/-/svelte-4.2.20.tgz 2024ms (cache miss)
1821 http fetch GET 200 https://registry.npmjs.org/side-channel-map/-/side-channel-map-1.0.1.tgz 2025ms (cache miss)
1822 http fetch GET 200 https://registry.npmjs.org/side-channel-list/-/side-channel-list-1.0.1.tgz 2029ms (cache miss)
1823 http fetch GET 200 https://registry.npmjs.org/shiki/-/shiki-4.3.1.tgz 2029ms (cache miss)
1824 http fetch GET 200 https://registry.npmjs.org/safer-buffer/-/safer-buffer-2.1.2.tgz 2038ms (cache miss)
1825 http fetch GET 200 https://registry.npmjs.org/send/-/send-0.19.2.tgz 2045ms (cache miss)
1826 http fetch GET 200 https://registry.npmjs.org/semver/-/semver-7.8.5.tgz 2046ms (cache miss)
1827 http fetch GET 200 https://registry.npmjs.org/safe-buffer/-/safe-buffer-5.2.1.tgz 2157ms (cache miss)
1828 http fetch GET 200 https://registry.npmjs.org/retext-stringify/-/retext-stringify-4.0.0.tgz 2164ms (cache miss)
1829 http fetch GET 200 https://registry.npmjs.org/retext-latin/-/retext-latin-4.0.0.tgz 2175ms (cache miss)
1830 http fetch GET 200 https://registry.npmjs.org/retext-smartypants/-/retext-smartypants-6.2.0.tgz 2176ms (cache miss)
1831 http fetch GET 200 https://registry.npmjs.org/satteri/-/satteri-0.9.4.tgz 2190ms (cache miss)
1832 http fetch GET 200 https://registry.npmjs.org/rolldown/-/rolldown-1.1.4.tgz 2190ms (cache miss)
1833 http fetch GET 200 https://registry.npmjs.org/rollup/-/rollup-4.60.3.tgz 2194ms (cache miss)
1834 http fetch GET 200 https://registry.npmjs.org/retext/-/retext-9.0.0.tgz 2197ms (cache miss)
1835 http fetch GET 200 https://registry.npmjs.org/sax/-/sax-1.6.0.tgz 2197ms (cache miss)
1836 http fetch GET 200 https://registry.npmjs.org/remark-gfm/-/remark-gfm-4.0.1.tgz 2217ms (cache miss)
1837 http fetch GET 200 https://registry.npmjs.org/remark-rehype/-/remark-rehype-11.1.2.tgz 2232ms (cache miss)
1838 http fetch GET 200 https://registry.npmjs.org/remark-mdx/-/remark-mdx-3.1.1.tgz 2232ms (cache miss)
1839 http fetch GET 200 https://registry.npmjs.org/remark-stringify/-/remark-stringify-11.0.0.tgz 2232ms (cache miss)
1840 http fetch GET 200 https://registry.npmjs.org/remark-directive/-/remark-directive-4.0.0.tgz 2235ms (cache miss)
1841 http fetch GET 200 https://registry.npmjs.org/rehype-raw/-/rehype-raw-7.0.0.tgz 2340ms (cache miss)
1842 http fetch GET 200 https://registry.npmjs.org/rehype-stringify/-/rehype-stringify-10.0.1.tgz 2351ms (cache miss)
1843 http fetch GET 200 https://registry.npmjs.org/remark-smartypants/-/remark-smartypants-3.0.2.tgz 2360ms (cache miss)
1844 http fetch GET 200 https://registry.npmjs.org/remark-parse/-/remark-parse-11.0.0.tgz 2361ms (cache miss)
1845 http fetch GET 200 https://registry.npmjs.org/rehype-format/-/rehype-format-5.0.1.tgz 2366ms (cache miss)
1846 http fetch GET 200 https://registry.npmjs.org/rehype-recma/-/rehype-recma-1.0.0.tgz 2381ms (cache miss)
1847 http fetch GET 200 https://registry.npmjs.org/rehype-parse/-/rehype-parse-9.0.1.tgz 2381ms (cache miss)
1848 http fetch GET 200 https://registry.npmjs.org/rehype-expressive-code/-/rehype-expressive-code-0.44.0.tgz 2382ms (cache miss)
1849 http fetch GET 200 https://registry.npmjs.org/regex-utilities/-/regex-utilities-2.3.0.tgz 2382ms (cache miss)
1850 http fetch GET 200 https://registry.npmjs.org/regex-recursion/-/regex-recursion-6.0.2.tgz 2408ms (cache miss)
1851 http fetch GET 200 https://registry.npmjs.org/recma-stringify/-/recma-stringify-1.0.0.tgz 2425ms (cache miss)
1852 http fetch GET 200 https://registry.npmjs.org/rehype/-/rehype-13.0.2.tgz 2433ms (cache miss)
1853 http fetch GET 200 https://registry.npmjs.org/resolve-pkg-maps/-/resolve-pkg-maps-1.0.0.tgz 2444ms (cache miss)
1854 http fetch GET 200 https://registry.npmjs.org/recma-parse/-/recma-parse-1.0.0.tgz 2512ms (cache miss)
1855 http fetch GET 200 https://registry.npmjs.org/recma-jsx/-/recma-jsx-1.0.1.tgz 2539ms (cache miss)
1856 http fetch GET 200 https://registry.npmjs.org/readdir-glob/-/readdir-glob-1.1.3.tgz 2544ms (cache miss)
1857 http fetch GET 200 https://registry.npmjs.org/recma-build-jsx/-/recma-build-jsx-1.0.0.tgz 2556ms (cache miss)
1858 http fetch GET 200 https://registry.npmjs.org/radix3/-/radix3-1.1.2.tgz 2556ms (cache miss)
1859 http fetch GET 200 https://registry.npmjs.org/proxy-addr/-/proxy-addr-2.0.7.tgz 2556ms (cache miss)
1860 http fetch GET 200 https://registry.npmjs.org/readable-stream/-/readable-stream-4.7.0.tgz 2559ms (cache miss)
1861 http fetch GET 200 https://registry.npmjs.org/regex/-/regex-6.1.0.tgz 2562ms (cache miss)
1862 http fetch GET 200 https://registry.npmjs.org/raw-body/-/raw-body-2.5.3.tgz 2576ms (cache miss)
1863 http fetch GET 200 https://registry.npmjs.org/range-parser/-/range-parser-1.2.1.tgz 2696ms (cache miss)
1864 http fetch GET 200 https://registry.npmjs.org/process-nextick-args/-/process-nextick-args-2.0.1.tgz 2697ms (cache miss)
1865 http fetch GET 200 https://registry.npmjs.org/process/-/process-0.11.10.tgz 2696ms (cache miss)
1866 http fetch GET 200 https://registry.npmjs.org/readdirp/-/readdirp-3.6.0.tgz 2697ms (cache miss)
1867 http fetch GET 200 https://registry.npmjs.org/process-ancestry/-/process-ancestry-0.1.0.tgz 2697ms (cache miss)
1868 http fetch GET 200 https://registry.npmjs.org/property-information/-/property-information-7.2.0.tgz 2706ms (cache miss)
1869 http fetch GET 200 https://registry.npmjs.org/piccolore/-/piccolore-0.1.3.tgz 2724ms (cache miss)
1870 http fetch GET 200 https://registry.npmjs.org/postcss-nested/-/postcss-nested-6.2.0.tgz 2724ms (cache miss)
1871 http fetch GET 200 https://registry.npmjs.org/postcss-selector-parser/-/postcss-selector-parser-6.1.4.tgz 2726ms (cache miss)
1872 http fetch GET 200 https://registry.npmjs.org/periscopic/-/periscopic-3.1.0.tgz 2734ms (cache miss)
1873 http fetch GET 200 https://registry.npmjs.org/picocolors/-/picocolors-1.1.1.tgz 2744ms (cache miss)
1874 http fetch GET 200 https://registry.npmjs.org/picomatch/-/picomatch-2.3.2.tgz 2764ms (cache miss)
1875 http fetch GET 200 https://registry.npmjs.org/postcss/-/postcss-8.5.16.tgz 2773ms (cache miss)
1876 http fetch GET 200 https://registry.npmjs.org/pathval/-/pathval-2.0.1.tgz 2784ms (cache miss)
1877 http fetch GET 200 https://registry.npmjs.org/pathe/-/pathe-2.0.3.tgz 2858ms (cache miss)
1878 http fetch GET 200 https://registry.npmjs.org/path-browserify/-/path-browserify-1.0.1.tgz 2864ms (cache miss)
1879 http fetch GET 200 https://registry.npmjs.org/path-key/-/path-key-3.1.1.tgz 2873ms (cache miss)
1880 http fetch GET 200 https://registry.npmjs.org/path-to-regexp/-/path-to-regexp-0.1.13.tgz 2898ms (cache miss)
1881 http fetch GET 200 https://registry.npmjs.org/path-scurry/-/path-scurry-1.11.1.tgz 2913ms (cache miss)
1882 http fetch GET 200 https://registry.npmjs.org/parse-entities/-/parse-entities-4.0.2.tgz 2921ms (cache miss)
1883 http fetch GET 200 https://registry.npmjs.org/parse-latin/-/parse-latin-7.0.0.tgz 2930ms (cache miss)
1884 http fetch GET 200 https://registry.npmjs.org/parse5/-/parse5-7.3.0.tgz 2936ms (cache miss)
1885 http fetch GET 200 https://registry.npmjs.org/package-manager-detector/-/package-manager-detector-1.7.0.tgz 2971ms (cache miss)
1886 http fetch GET 200 https://registry.npmjs.org/pagefind/-/pagefind-1.5.2.tgz 2972ms (cache miss)
1887 http fetch GET 200 https://registry.npmjs.org/package-json-from-dist/-/package-json-from-dist-1.0.1.tgz 2981ms (cache miss)
1888 http fetch GET 200 https://registry.npmjs.org/pako/-/pako-2.1.0.tgz 2981ms (cache miss)
1889 http fetch GET 200 https://registry.npmjs.org/qs/-/qs-6.15.2.tgz 2981ms (cache miss)
1890 http fetch GET 200 https://registry.npmjs.org/p-timeout/-/p-timeout-7.0.1.tgz 3032ms (cache miss)
1891 http fetch GET 200 https://registry.npmjs.org/p-limit/-/p-limit-7.3.0.tgz 3068ms (cache miss)
1892 http fetch GET 200 https://registry.npmjs.org/on-headers/-/on-headers-1.1.0.tgz 3101ms (cache miss)
1893 http fetch GET 200 https://registry.npmjs.org/ofetch/-/ofetch-1.5.1.tgz 3252ms (cache miss)
1894 http fetch GET 200 https://registry.npmjs.org/on-finished/-/on-finished-2.4.1.tgz 3253ms (cache miss)
1895 http fetch GET 200 https://registry.npmjs.org/object-assign/-/object-assign-4.1.1.tgz 3253ms (cache miss)
1896 http fetch GET 200 https://registry.npmjs.org/nth-check/-/nth-check-2.1.1.tgz 3254ms (cache miss)
1897 http fetch GET 200 https://registry.npmjs.org/obug/-/obug-2.1.3.tgz 3255ms (cache miss)
1898 http fetch GET 200 https://registry.npmjs.org/oniguruma-to-es/-/oniguruma-to-es-4.3.6.tgz 3258ms (cache miss)
1899 http fetch GET 200 https://registry.npmjs.org/ohash/-/ohash-2.0.11.tgz 3259ms (cache miss)
1900 http fetch GET 200 https://registry.npmjs.org/normalize-path/-/normalize-path-3.0.0.tgz 3262ms (cache miss)
1901 http fetch GET 200 https://registry.npmjs.org/object-inspect/-/object-inspect-1.13.4.tgz 3263ms (cache miss)
1902 http fetch GET 200 https://registry.npmjs.org/parseurl/-/parseurl-1.3.3.tgz 3282ms (cache miss)
1903 http fetch GET 200 https://registry.npmjs.org/oniguruma-parser/-/oniguruma-parser-0.12.2.tgz 3307ms (cache miss)
1904 http fetch GET 200 https://registry.npmjs.org/p-queue/-/p-queue-9.3.1.tgz 3351ms (cache miss)
1905 http fetch GET 200 https://registry.npmjs.org/negotiator/-/negotiator-0.6.3.tgz 3416ms (cache miss)
1906 http fetch GET 200 https://registry.npmjs.org/ms/-/ms-2.0.0.tgz 3424ms (cache miss)
1907 http fetch GET 200 https://registry.npmjs.org/nanoid/-/nanoid-3.3.12.tgz 3426ms (cache miss)
1908 http fetch GET 200 https://registry.npmjs.org/prismjs/-/prismjs-1.30.0.tgz 3432ms (cache miss)
1909 http fetch GET 200 https://registry.npmjs.org/node-fetch-native/-/node-fetch-native-1.6.7.tgz 3434ms (cache miss)
1910 http fetch GET 200 https://registry.npmjs.org/mime-db/-/mime-db-1.52.0.tgz 3443ms (cache miss)
1911 http fetch GET 200 https://registry.npmjs.org/mime/-/mime-1.6.0.tgz 3460ms (cache miss)
1912 http fetch GET 200 https://registry.npmjs.org/node-mock-http/-/node-mock-http-1.0.4.tgz 3464ms (cache miss)
1913 http fetch GET 200 https://registry.npmjs.org/mrmime/-/mrmime-2.0.1.tgz 3468ms (cache miss)
1914 http fetch GET 200 https://registry.npmjs.org/mime-types/-/mime-types-2.1.35.tgz 3476ms (cache miss)
1915 http fetch GET 200 https://registry.npmjs.org/minipass/-/minipass-7.1.3.tgz 3480ms (cache miss)
1916 http fetch GET 200 https://registry.npmjs.org/minimatch/-/minimatch-9.0.9.tgz 3488ms (cache miss)
1917 http fetch GET 200 https://registry.npmjs.org/neotraverse/-/neotraverse-0.6.18.tgz 3533ms (cache miss)
1918 http fetch GET 200 https://registry.npmjs.org/micromark-util-resolve-all/-/micromark-util-resolve-all-2.0.1.tgz 3604ms (cache miss)
1919 http fetch GET 200 https://registry.npmjs.org/micromark-util-sanitize-uri/-/micromark-util-sanitize-uri-2.0.1.tgz 3608ms (cache miss)
1920 http fetch GET 200 https://registry.npmjs.org/micromark-util-symbol/-/micromark-util-symbol-2.0.1.tgz 3612ms (cache miss)
1921 http fetch GET 200 https://registry.npmjs.org/oxlint/-/oxlint-1.70.0.tgz 3618ms (cache miss)
1922 http fetch GET 200 https://registry.npmjs.org/micromark-util-types/-/micromark-util-types-2.0.2.tgz 3737ms (cache miss)
1923 http fetch GET 200 https://registry.npmjs.org/micromark-util-normalize-identifier/-/micromark-util-normalize-identifier-2.0.1.tgz 3739ms (cache miss)
1924 http fetch GET 200 https://registry.npmjs.org/micromark-util-decode-numeric-character-reference/-/micromark-util-decode-numeric-character-reference-2.0.2.tgz 3739ms (cache miss)
1925 http fetch GET 200 https://registry.npmjs.org/micromark-util-encode/-/micromark-util-encode-2.0.1.tgz 3740ms (cache miss)
1926 http fetch GET 200 https://registry.npmjs.org/nlcst-to-string/-/nlcst-to-string-4.0.0.tgz 3741ms (cache miss)
1927 http fetch GET 200 https://registry.npmjs.org/micromark-util-classify-character/-/micromark-util-classify-character-2.0.1.tgz 3740ms (cache miss)
1928 http fetch GET 200 https://registry.npmjs.org/micromark-util-html-tag-name/-/micromark-util-html-tag-name-2.0.1.tgz 3740ms (cache miss)
1929 http fetch GET 200 https://registry.npmjs.org/micromark-util-decode-string/-/micromark-util-decode-string-2.0.1.tgz 3740ms (cache miss)
1930 http fetch GET 200 https://registry.npmjs.org/micromark-util-combine-extensions/-/micromark-util-combine-extensions-2.0.1.tgz 3740ms (cache miss)
1931 http fetch GET 200 https://registry.npmjs.org/micromark-util-events-to-acorn/-/micromark-util-events-to-acorn-2.0.3.tgz 3741ms (cache miss)
1932 http fetch GET 200 https://registry.npmjs.org/micromark-util-character/-/micromark-util-character-2.1.1.tgz 3782ms (cache miss)
1933 http fetch GET 200 https://registry.npmjs.org/micromark-factory-whitespace/-/micromark-factory-whitespace-2.0.1.tgz 3803ms (cache miss)
1934 http fetch GET 200 https://registry.npmjs.org/micromark-factory-title/-/micromark-factory-title-2.0.1.tgz 3802ms (cache miss)
1935 http fetch GET 200 https://registry.npmjs.org/micromark-util-chunked/-/micromark-util-chunked-2.0.1.tgz 3819ms (cache miss)
1936 http fetch GET 200 https://registry.npmjs.org/micromark-factory-label/-/micromark-factory-label-2.0.1.tgz 3894ms (cache miss)
1937 http fetch GET 200 https://registry.npmjs.org/micromark-extension-mdxjs-esm/-/micromark-extension-mdxjs-esm-3.0.0.tgz 3909ms (cache miss)
1938 http fetch GET 200 https://registry.npmjs.org/micromark-factory-space/-/micromark-factory-space-2.0.1.tgz 3909ms (cache miss)
1939 http fetch GET 200 https://registry.npmjs.org/micromark-extension-gfm-task-list-item/-/micromark-extension-gfm-task-list-item-2.1.0.tgz 3910ms (cache miss)
1940 http fetch GET 200 https://registry.npmjs.org/micromark-extension-mdxjs/-/micromark-extension-mdxjs-3.0.0.tgz 3912ms (cache miss)
1941 http fetch GET 200 https://registry.npmjs.org/micromark-factory-mdx-expression/-/micromark-factory-mdx-expression-2.0.3.tgz 3922ms (cache miss)
1942 http fetch GET 200 https://registry.npmjs.org/micromark-extension-mdx-md/-/micromark-extension-mdx-md-2.0.0.tgz 3922ms (cache miss)
1943 http fetch GET 200 https://registry.npmjs.org/micromark-util-subtokenize/-/micromark-util-subtokenize-2.1.0.tgz 3922ms (cache miss)
1944 http fetch GET 200 https://registry.npmjs.org/micromark-factory-destination/-/micromark-factory-destination-2.0.1.tgz 3923ms (cache miss)
1945 http fetch GET 200 https://registry.npmjs.org/micromark-extension-mdx-jsx/-/micromark-extension-mdx-jsx-3.0.2.tgz 3953ms (cache miss)
1946 http fetch GET 200 https://registry.npmjs.org/micromark-extension-gfm-table/-/micromark-extension-gfm-table-2.1.1.tgz 3962ms (cache miss)
1947 http fetch GET 200 https://registry.npmjs.org/micromark-extension-gfm-strikethrough/-/micromark-extension-gfm-strikethrough-2.1.0.tgz 3988ms (cache miss)
1948 http fetch GET 200 https://registry.npmjs.org/micromark-extension-gfm-footnote/-/micromark-extension-gfm-footnote-2.1.0.tgz 3990ms (cache miss)
1949 http fetch GET 200 https://registry.npmjs.org/micromark-extension-gfm-autolink-literal/-/micromark-extension-gfm-autolink-literal-2.1.0.tgz 4027ms (cache miss)
1950 http fetch GET 200 https://registry.npmjs.org/micromark-extension-gfm/-/micromark-extension-gfm-3.0.0.tgz 4072ms (cache miss)
1951 http fetch GET 200 https://registry.npmjs.org/micromark-extension-gfm-tagfilter/-/micromark-extension-gfm-tagfilter-2.0.0.tgz 4088ms (cache miss)
1952 http fetch GET 200 https://registry.npmjs.org/methods/-/methods-1.1.2.tgz 4092ms (cache miss)
1953 http fetch GET 200 https://registry.npmjs.org/mdast-util-to-string/-/mdast-util-to-string-4.0.0.tgz 4105ms (cache miss)
1954 http fetch GET 200 https://registry.npmjs.org/micromark-extension-directive/-/micromark-extension-directive-4.0.0.tgz 4110ms (cache miss)
1955 http fetch GET 200 https://registry.npmjs.org/micromark/-/micromark-4.0.2.tgz 4111ms (cache miss)
1956 http fetch GET 200 https://registry.npmjs.org/merge-descriptors/-/merge-descriptors-1.0.3.tgz 4118ms (cache miss)
1957 http fetch GET 200 https://registry.npmjs.org/micromark-core-commonmark/-/micromark-core-commonmark-2.0.3.tgz 4122ms (cache miss)
1958 http fetch GET 200 https://registry.npmjs.org/mdn-data/-/mdn-data-2.0.30.tgz 4125ms (cache miss)
1959 http fetch GET 200 https://registry.npmjs.org/mdast-util-mdxjs-esm/-/mdast-util-mdxjs-esm-2.0.1.tgz 4262ms (cache miss)
1960 http fetch GET 200 https://registry.npmjs.org/mdast-util-phrasing/-/mdast-util-phrasing-4.1.0.tgz 4264ms (cache miss)
1961 http fetch GET 200 https://registry.npmjs.org/mdast-util-mdx-jsx/-/mdast-util-mdx-jsx-3.2.0.tgz 4266ms (cache miss)
1962 http fetch GET 200 https://registry.npmjs.org/mdast-util-mdx-expression/-/mdast-util-mdx-expression-2.0.1.tgz 4267ms (cache miss)
1963 http fetch GET 200 https://registry.npmjs.org/mdast-util-mdx/-/mdast-util-mdx-3.0.0.tgz 4267ms (cache miss)
1964 http fetch GET 200 https://registry.npmjs.org/mdast-util-gfm-strikethrough/-/mdast-util-gfm-strikethrough-2.0.0.tgz 4273ms (cache miss)
1965 http fetch GET 200 https://registry.npmjs.org/mdast-util-gfm-footnote/-/mdast-util-gfm-footnote-2.1.0.tgz 4279ms (cache miss)
1966 http fetch GET 200 https://registry.npmjs.org/micromark-extension-mdx-expression/-/micromark-extension-mdx-expression-3.0.1.tgz 4279ms (cache miss)
1967 http fetch GET 200 https://registry.npmjs.org/mdast-util-gfm-table/-/mdast-util-gfm-table-2.0.0.tgz 4283ms (cache miss)
1968 http fetch GET 200 https://registry.npmjs.org/media-typer/-/media-typer-0.3.0.tgz 4282ms (cache miss)
1969 http fetch GET 200 https://registry.npmjs.org/mdast-util-to-hast/-/mdast-util-to-hast-13.2.1.tgz 4292ms (cache miss)
1970 http fetch GET 200 https://registry.npmjs.org/mdast-util-to-markdown/-/mdast-util-to-markdown-2.1.2.tgz 4298ms (cache miss)
1971 http fetch GET 200 https://registry.npmjs.org/mdast-util-gfm-autolink-literal/-/mdast-util-gfm-autolink-literal-2.0.1.tgz 4314ms (cache miss)
1972 http fetch GET 200 https://registry.npmjs.org/mdast-util-gfm/-/mdast-util-gfm-3.1.0.tgz 4332ms (cache miss)
1973 http fetch GET 200 https://registry.npmjs.org/mdast-util-find-and-replace/-/mdast-util-find-and-replace-3.0.2.tgz 4414ms (cache miss)
1974 http fetch GET 200 https://registry.npmjs.org/mdast-util-directive/-/mdast-util-directive-3.1.0.tgz 4417ms (cache miss)
1975 http fetch GET 200 https://registry.npmjs.org/mdast-util-gfm-task-list-item/-/mdast-util-gfm-task-list-item-2.0.0.tgz 4422ms (cache miss)
1976 http fetch GET 200 https://registry.npmjs.org/markdown-extensions/-/markdown-extensions-2.0.0.tgz 4435ms (cache miss)
1977 http fetch GET 200 https://registry.npmjs.org/math-intrinsics/-/math-intrinsics-1.1.0.tgz 4438ms (cache miss)
1978 http fetch GET 200 https://registry.npmjs.org/magic-string/-/magic-string-0.30.21.tgz 4447ms (cache miss)
1979 http fetch GET 200 https://registry.npmjs.org/mdast-util-from-markdown/-/mdast-util-from-markdown-2.0.3.tgz 4448ms (cache miss)
1980 http fetch GET 200 https://registry.npmjs.org/magicast/-/magicast-0.5.3.tgz 4452ms (cache miss)
1981 http fetch GET 200 https://registry.npmjs.org/longest-streak/-/longest-streak-3.1.0.tgz 4462ms (cache miss)
1982 http fetch GET 200 https://registry.npmjs.org/mdast-util-definitions/-/mdast-util-definitions-6.0.0.tgz 4468ms (cache miss)
1983 http fetch GET 200 https://registry.npmjs.org/loupe/-/loupe-3.2.1.tgz 4471ms (cache miss)
1984 http fetch GET 200 https://registry.npmjs.org/lru-cache/-/lru-cache-10.4.3.tgz 4510ms (cache miss)
1985 http fetch GET 200 https://registry.npmjs.org/markdown-table/-/markdown-table-3.0.4.tgz 4572ms (cache miss)
1986 http fetch GET 200 https://registry.npmjs.org/locate-character/-/locate-character-3.0.0.tgz 4586ms (cache miss)
1987 http fetch GET 200 https://registry.npmjs.org/lazystream/-/lazystream-1.0.1.tgz 4604ms (cache miss)
1988 http fetch GET 200 https://registry.npmjs.org/js-tokens/-/js-tokens-9.0.1.tgz 4610ms (cache miss)
1989 http fetch GET 200 https://registry.npmjs.org/js-yaml/-/js-yaml-4.3.0.tgz 4628ms (cache miss)
1990 http fetch GET 200 https://registry.npmjs.org/isarray/-/isarray-1.0.0.tgz 4629ms (cache miss)
1991 http fetch GET 200 https://registry.npmjs.org/isexe/-/isexe-2.0.0.tgz 4631ms (cache miss)
1992 http fetch GET 200 https://registry.npmjs.org/klona/-/klona-2.0.6.tgz 4631ms (cache miss)
1993 http fetch GET 200 https://registry.npmjs.org/jackspeak/-/jackspeak-3.4.3.tgz 4632ms (cache miss)
1994 http fetch GET 200 https://registry.npmjs.org/is-wsl/-/is-wsl-3.1.1.tgz 4652ms (cache miss)
1995 http fetch GET 200 https://registry.npmjs.org/lightningcss/-/lightningcss-1.32.0.tgz 4669ms (cache miss)
1996 http fetch GET 200 https://registry.npmjs.org/lodash/-/lodash-4.18.1.tgz 4688ms (cache miss)
1997 http fetch GET 200 https://registry.npmjs.org/is-stream/-/is-stream-2.0.1.tgz 4760ms (cache miss)
1998 http fetch GET 200 https://registry.npmjs.org/jsonc-parser/-/jsonc-parser-3.3.1.tgz 4763ms (cache miss)
1999 http fetch GET 200 https://registry.npmjs.org/is-plain-obj/-/is-plain-obj-4.1.0.tgz 4768ms (cache miss)
2000 http fetch GET 200 https://registry.npmjs.org/is-reference/-/is-reference-3.0.3.tgz 4788ms (cache miss)
2001 http fetch GET 200 https://registry.npmjs.org/is-hexadecimal/-/is-hexadecimal-2.0.1.tgz 4806ms (cache miss)
2002 http fetch GET 200 https://registry.npmjs.org/is-glob/-/is-glob-4.0.3.tgz 4808ms (cache miss)
2003 http fetch GET 200 https://registry.npmjs.org/is-docker/-/is-docker-4.0.0.tgz 4808ms (cache miss)
2004 http fetch GET 200 https://registry.npmjs.org/is-inside-container/-/is-inside-container-1.0.0.tgz 4808ms (cache miss)
2005 http fetch GET 200 https://registry.npmjs.org/is-extglob/-/is-extglob-2.1.1.tgz 4819ms (cache miss)
2006 http fetch GET 200 https://registry.npmjs.org/is-fullwidth-code-point/-/is-fullwidth-code-point-3.0.0.tgz 4845ms (cache miss)
2007 http fetch GET 200 https://registry.npmjs.org/is-decimal/-/is-decimal-2.0.1.tgz 4850ms (cache miss)
2008 http fetch GET 200 https://registry.npmjs.org/is-alphanumerical/-/is-alphanumerical-2.0.1.tgz 4924ms (cache miss)
2009 http fetch GET 200 https://registry.npmjs.org/is-binary-path/-/is-binary-path-2.1.0.tgz 4927ms (cache miss)
2010 http fetch GET 200 https://registry.npmjs.org/iron-webcrypto/-/iron-webcrypto-1.2.1.tgz 4937ms (cache miss)
2011 http fetch GET 200 https://registry.npmjs.org/is-number/-/is-number-7.0.0.tgz 4966ms (cache miss)
2012 http fetch GET 200 https://registry.npmjs.org/ipaddr.js/-/ipaddr.js-1.9.1.tgz 4971ms (cache miss)
2013 http fetch GET 200 https://registry.npmjs.org/is-alphabetical/-/is-alphabetical-2.0.1.tgz 4971ms (cache miss)
2014 http fetch GET 200 https://registry.npmjs.org/inherits/-/inherits-2.0.4.tgz 4972ms (cache miss)
2015 http fetch GET 200 https://registry.npmjs.org/ieee754/-/ieee754-1.2.1.tgz 4980ms (cache miss)
2016 http fetch GET 200 https://registry.npmjs.org/inline-style-parser/-/inline-style-parser-0.2.7.tgz 4995ms (cache miss)
2017 http fetch GET 200 https://registry.npmjs.org/http-errors/-/http-errors-2.0.1.tgz 5002ms (cache miss)
2018 http fetch GET 200 https://registry.npmjs.org/html-escaper/-/html-escaper-3.0.3.tgz 5033ms (cache miss)
2019 http fetch GET 200 https://registry.npmjs.org/hastscript/-/hastscript-9.0.1.tgz 5041ms (cache miss)
2020 http fetch GET 200 https://registry.npmjs.org/http-cache-semantics/-/http-cache-semantics-4.2.0.tgz 5057ms (cache miss)
2021 http fetch GET 200 https://registry.npmjs.org/html-void-elements/-/html-void-elements-3.0.0.tgz 5089ms (cache miss)
2022 http fetch GET 200 https://registry.npmjs.org/hast-util-whitespace/-/hast-util-whitespace-3.0.0.tgz 5109ms (cache miss)
2023 http fetch GET 200 https://registry.npmjs.org/i18next/-/i18next-26.3.4.tgz 5142ms (cache miss)
2024 http fetch GET 200 https://registry.npmjs.org/html-whitespace-sensitive-tag-names/-/html-whitespace-sensitive-tag-names-3.0.1.tgz 5145ms (cache miss)
2025 http fetch GET 200 https://registry.npmjs.org/hast-util-to-string/-/hast-util-to-string-3.0.1.tgz 5159ms (cache miss)
2026 http fetch GET 200 https://registry.npmjs.org/hast-util-to-jsx-runtime/-/hast-util-to-jsx-runtime-2.3.6.tgz 5159ms (cache miss)
2027 http fetch GET 200 https://registry.npmjs.org/hast-util-to-text/-/hast-util-to-text-4.0.2.tgz 5180ms (cache miss)
2028 http fetch GET 200 https://registry.npmjs.org/hast-util-raw/-/hast-util-raw-9.1.0.tgz 5180ms (cache miss)
2029 http fetch GET 200 https://registry.npmjs.org/hast-util-phrasing/-/hast-util-phrasing-3.0.1.tgz 5282ms (cache miss)
2030 http fetch GET 200 https://registry.npmjs.org/hast-util-is-body-ok-link/-/hast-util-is-body-ok-link-3.0.1.tgz 5284ms (cache miss)
2031 http fetch GET 200 https://registry.npmjs.org/hast-util-to-parse5/-/hast-util-to-parse5-8.0.1.tgz 5285ms (cache miss)
2032 http fetch GET 200 https://registry.npmjs.org/hast-util-select/-/hast-util-select-6.0.4.tgz 5289ms (cache miss)
2033 http fetch GET 200 https://registry.npmjs.org/hast-util-to-estree/-/hast-util-to-estree-3.1.3.tgz 5292ms (cache miss)
2034 http fetch GET 200 https://registry.npmjs.org/hast-util-to-html/-/hast-util-to-html-9.0.5.tgz 5293ms (cache miss)
2035 http fetch GET 200 https://registry.npmjs.org/hast-util-is-element/-/hast-util-is-element-3.0.0.tgz 5312ms (cache miss)
2036 http fetch GET 200 https://registry.npmjs.org/hast-util-has-property/-/hast-util-has-property-3.0.0.tgz 5317ms (cache miss)
2037 http fetch GET 200 https://registry.npmjs.org/iconv-lite/-/iconv-lite-0.4.24.tgz 5327ms (cache miss)
2038 http fetch GET 200 https://registry.npmjs.org/hast-util-from-html/-/hast-util-from-html-2.0.3.tgz 5333ms (cache miss)
2039 http fetch GET 200 https://registry.npmjs.org/has-symbols/-/has-symbols-1.1.0.tgz 5336ms (cache miss)
2040 http fetch GET 200 https://registry.npmjs.org/hast-util-embedded/-/hast-util-embedded-3.0.0.tgz 5357ms (cache miss)
2041 http fetch GET 200 https://registry.npmjs.org/hast-util-parse-selector/-/hast-util-parse-selector-4.0.0.tgz 5358ms (cache miss)
2042 http fetch GET 200 https://registry.npmjs.org/graceful-fs/-/graceful-fs-4.2.11.tgz 5459ms (cache miss)
2043 http fetch GET 200 https://registry.npmjs.org/hast-util-minify-whitespace/-/hast-util-minify-whitespace-1.0.1.tgz 5465ms (cache miss)
2044 http fetch GET 200 https://registry.npmjs.org/glob/-/glob-10.5.0.tgz 5471ms (cache miss)
2045 warn deprecated glob@10.5.0: Old versions of glob are not supported, and contain widely publicized security vulnerabilities, which have been fixed in the current version. Please update. Support for old versions may be purchased (at exorbitant rates) by contacting i@izs.me
2046 http fetch GET 200 https://registry.npmjs.org/gopd/-/gopd-1.2.0.tgz 5483ms (cache miss)
2047 http fetch GET 200 https://registry.npmjs.org/hast-util-from-parse5/-/hast-util-from-parse5-8.0.3.tgz 5484ms (cache miss)
2048 http fetch GET 200 https://registry.npmjs.org/hasown/-/hasown-2.0.4.tgz 5497ms (cache miss)
2049 http fetch GET 200 https://registry.npmjs.org/get-tsconfig/-/get-tsconfig-5.0.0-beta.4.tgz 5505ms (cache miss)
2050 http fetch GET 200 https://registry.npmjs.org/github-slugger/-/github-slugger-2.0.0.tgz 5504ms (cache miss)
2051 http fetch GET 200 https://registry.npmjs.org/hast-util-format/-/hast-util-format-1.1.0.tgz 5514ms (cache miss)
2052 http fetch GET 200 https://registry.npmjs.org/glob-parent/-/glob-parent-5.1.2.tgz 5521ms (cache miss)
2053 http fetch GET 200 https://registry.npmjs.org/get-proto/-/get-proto-1.0.1.tgz 5531ms (cache miss)
2054 http fetch GET 200 https://registry.npmjs.org/get-intrinsic/-/get-intrinsic-1.3.0.tgz 5541ms (cache miss)
2055 http fetch GET 200 https://registry.npmjs.org/function-bind/-/function-bind-1.1.2.tgz 5634ms (cache miss)
2056 http fetch GET 200 https://registry.npmjs.org/lightningcss-darwin-arm64/-/lightningcss-darwin-arm64-1.32.0.tgz 5650ms (cache miss)
2057 http fetch GET 200 https://registry.npmjs.org/fresh/-/fresh-0.5.2.tgz 5658ms (cache miss)
2058 http fetch GET 200 https://registry.npmjs.org/fontkitten/-/fontkitten-1.0.3.tgz 5666ms (cache miss)
2059 http fetch GET 200 https://registry.npmjs.org/fontace/-/fontace-0.4.1.tgz 5674ms (cache miss)
2060 http fetch GET 200 https://registry.npmjs.org/forwarded/-/forwarded-0.2.0.tgz 5677ms (cache miss)
2061 http fetch GET 200 https://registry.npmjs.org/fill-range/-/fill-range-7.1.1.tgz 5679ms (cache miss)
2062 http fetch GET 200 https://registry.npmjs.org/fsevents/-/fsevents-2.3.3.tgz 5682ms (cache miss)
2063 http fetch GET 200 https://registry.npmjs.org/foreground-child/-/foreground-child-3.3.1.tgz 5687ms (cache miss)
2064 http fetch GET 200 https://registry.npmjs.org/h3/-/h3-1.15.11.tgz 5695ms (cache miss)
2065 http fetch GET 200 https://registry.npmjs.org/finalhandler/-/finalhandler-1.3.2.tgz 5695ms (cache miss)
2066 http fetch GET 200 https://registry.npmjs.org/flattie/-/flattie-1.1.1.tgz 5701ms (cache miss)
2067 http fetch GET 200 https://registry.npmjs.org/lucide-svelte/-/lucide-svelte-0.577.0.tgz 5765ms (cache miss)
2068 http fetch GET 200 https://registry.npmjs.org/fast-wrap-ansi/-/fast-wrap-ansi-0.2.2.tgz 5797ms (cache miss)
2069 http fetch GET 200 https://registry.npmjs.org/fast-string-truncated-width/-/fast-string-truncated-width-3.0.3.tgz 5797ms (cache miss)
2070 http fetch GET 200 https://registry.npmjs.org/fast-fifo/-/fast-fifo-1.3.2.tgz 5802ms (cache miss)
2071 http fetch GET 200 https://registry.npmjs.org/expressive-code/-/expressive-code-0.44.0.tgz 5845ms (cache miss)
2072 http fetch GET 200 https://registry.npmjs.org/express/-/express-4.22.2.tgz 5849ms (cache miss)
2073 http fetch GET 200 https://registry.npmjs.org/estree-walker/-/estree-walker-3.0.3.tgz 5857ms (cache miss)
2074 http fetch GET 200 https://registry.npmjs.org/events-universal/-/events-universal-1.0.1.tgz 5857ms (cache miss)
2075 http fetch GET 200 https://registry.npmjs.org/fast-string-width/-/fast-string-width-3.0.2.tgz 5857ms (cache miss)
2076 http fetch GET 200 https://registry.npmjs.org/events/-/events-3.3.0.tgz 5860ms (cache miss)
2077 http fetch GET 200 https://registry.npmjs.org/estree-util-visit/-/estree-util-visit-2.0.0.tgz 5868ms (cache miss)
2078 http fetch GET 200 https://registry.npmjs.org/eventemitter3/-/eventemitter3-5.0.4.tgz 5870ms (cache miss)
2079 http fetch GET 200 https://registry.npmjs.org/extend/-/extend-3.0.2.tgz 5874ms (cache miss)
2080 http fetch GET 200 https://registry.npmjs.org/expect-type/-/expect-type-1.3.0.tgz 5884ms (cache miss)
2081 http fetch GET 200 https://registry.npmjs.org/event-target-shim/-/event-target-shim-5.0.1.tgz 5892ms (cache miss)
2082 http fetch GET 200 https://registry.npmjs.org/estree-util-attach-comments/-/estree-util-attach-comments-3.0.0.tgz 5974ms (cache miss)
2083 http fetch GET 200 https://registry.npmjs.org/escape-string-regexp/-/escape-string-regexp-5.0.0.tgz 5975ms (cache miss)
2084 http fetch GET 200 https://registry.npmjs.org/estree-util-is-identifier-name/-/estree-util-is-identifier-name-3.0.0.tgz 5981ms (cache miss)
2085 http fetch GET 200 https://registry.npmjs.org/esast-util-from-estree/-/esast-util-from-estree-2.0.0.tgz 6034ms (cache miss)
2086 http fetch GET 200 https://registry.npmjs.org/esast-util-from-js/-/esast-util-from-js-2.0.1.tgz 6033ms (cache miss)
2087 http fetch GET 200 https://registry.npmjs.org/estree-util-scope/-/estree-util-scope-1.0.0.tgz 6035ms (cache miss)
2088 http fetch GET 200 https://registry.npmjs.org/es-object-atoms/-/es-object-atoms-1.1.2.tgz 6034ms (cache miss)
2089 http fetch GET 200 https://registry.npmjs.org/es-errors/-/es-errors-1.3.0.tgz 6042ms (cache miss)
2090 http fetch GET 200 https://registry.npmjs.org/esbuild-svelte/-/esbuild-svelte-0.9.4.tgz 6044ms (cache miss)
2091 http fetch GET 200 https://registry.npmjs.org/estree-util-build-jsx/-/estree-util-build-jsx-3.0.1.tgz 6049ms (cache miss)
2092 http fetch GET 200 https://registry.npmjs.org/es-module-lexer/-/es-module-lexer-1.7.0.tgz 6052ms (cache miss)
2093 http fetch GET 200 https://registry.npmjs.org/etag/-/etag-1.8.1.tgz 6057ms (cache miss)
2094 http fetch GET 200 https://registry.npmjs.org/estree-util-to-js/-/estree-util-to-js-2.0.0.tgz 6063ms (cache miss)
2095 http fetch GET 200 https://registry.npmjs.org/escape-html/-/escape-html-1.0.3.tgz 6104ms (cache miss)
2096 http fetch GET 200 https://registry.npmjs.org/ee-first/-/ee-first-1.1.1.tgz 6144ms (cache miss)
2097 http fetch GET 200 https://registry.npmjs.org/eastasianwidth/-/eastasianwidth-0.2.0.tgz 6158ms (cache miss)
2098 http fetch GET 200 https://registry.npmjs.org/emoji-regex/-/emoji-regex-9.2.2.tgz 6205ms (cache miss)
2099 http fetch GET 200 https://registry.npmjs.org/dset/-/dset-3.1.4.tgz 6207ms (cache miss)
2100 http fetch GET 200 https://registry.npmjs.org/domhandler/-/domhandler-5.0.3.tgz 6213ms (cache miss)
2101 http fetch GET 200 https://registry.npmjs.org/domelementtype/-/domelementtype-2.3.0.tgz 6213ms (cache miss)
2102 http fetch GET 200 https://registry.npmjs.org/domutils/-/domutils-3.2.2.tgz 6240ms (cache miss)
2103 http fetch GET 200 https://registry.npmjs.org/entities/-/entities-6.0.1.tgz 6246ms (cache miss)
2104 http fetch GET 200 https://registry.npmjs.org/direction/-/direction-2.0.1.tgz 6334ms (cache miss)
2105 http fetch GET 200 https://registry.npmjs.org/es-define-property/-/es-define-property-1.0.1.tgz 6334ms (cache miss)
2106 http fetch GET 200 https://registry.npmjs.org/destr/-/destr-2.0.5.tgz 6334ms (cache miss)
2107 http fetch GET 200 https://registry.npmjs.org/encodeurl/-/encodeurl-2.0.0.tgz 6335ms (cache miss)
2108 http fetch GET 200 https://registry.npmjs.org/devlop/-/devlop-1.1.0.tgz 6335ms (cache miss)
2109 http fetch GET 200 https://registry.npmjs.org/destroy/-/destroy-1.2.0.tgz 6337ms (cache miss)
2110 http fetch GET 200 https://registry.npmjs.org/devalue/-/devalue-5.8.1.tgz 6337ms (cache miss)
2111 http fetch GET 200 https://registry.npmjs.org/diff/-/diff-8.0.4.tgz 6361ms (cache miss)
2112 http fetch GET 200 https://registry.npmjs.org/dequal/-/dequal-2.0.3.tgz 6369ms (cache miss)
2113 http fetch GET 200 https://registry.npmjs.org/defu/-/defu-6.1.7.tgz 6368ms (cache miss)
2114 http fetch GET 200 https://registry.npmjs.org/detect-libc/-/detect-libc-2.1.2.tgz 6375ms (cache miss)
2115 http fetch GET 200 https://registry.npmjs.org/dom-serializer/-/dom-serializer-2.0.0.tgz 6375ms (cache miss)
2116 http fetch GET 200 https://registry.npmjs.org/dunder-proto/-/dunder-proto-1.0.1.tgz 6393ms (cache miss)
2117 http fetch GET 200 https://registry.npmjs.org/debug/-/debug-2.6.9.tgz 6495ms (cache miss)
2118 http fetch GET 200 https://registry.npmjs.org/cssesc/-/cssesc-3.0.0.tgz 6519ms (cache miss)
2119 http fetch GET 200 https://registry.npmjs.org/depd/-/depd-2.0.0.tgz 6519ms (cache miss)
2120 http fetch GET 200 https://registry.npmjs.org/decode-named-character-reference/-/decode-named-character-reference-1.3.0.tgz 6520ms (cache miss)
2121 http fetch GET 200 https://registry.npmjs.org/deep-eql/-/deep-eql-5.0.2.tgz 6532ms (cache miss)
2122 http fetch GET 200 https://registry.npmjs.org/crc32-stream/-/crc32-stream-6.0.0.tgz 6539ms (cache miss)
2123 http fetch GET 200 https://registry.npmjs.org/cross-spawn/-/cross-spawn-7.0.6.tgz 6541ms (cache miss)
2124 http fetch GET 200 https://registry.npmjs.org/cors/-/cors-2.8.6.tgz 6547ms (cache miss)
2125 http fetch GET 200 https://registry.npmjs.org/css-what/-/css-what-6.2.2.tgz 6548ms (cache miss)
2126 http fetch GET 200 https://registry.npmjs.org/crc-32/-/crc-32-1.2.2.tgz 6548ms (cache miss)
2127 http fetch GET 200 https://registry.npmjs.org/crossws/-/crossws-0.3.5.tgz 6550ms (cache miss)
2128 http fetch GET 200 https://registry.npmjs.org/css-selector-parser/-/css-selector-parser-3.3.0.tgz 6574ms (cache miss)
2129 http fetch GET 200 https://registry.npmjs.org/csso/-/csso-5.0.5.tgz 6575ms (cache miss)
2130 http fetch GET 200 https://registry.npmjs.org/core-util-is/-/core-util-is-1.0.3.tgz 6669ms (cache miss)
2131 http fetch GET 200 https://registry.npmjs.org/content-type/-/content-type-1.0.5.tgz 6683ms (cache miss)
2132 http fetch GET 200 https://registry.npmjs.org/cookie-signature/-/cookie-signature-1.0.7.tgz 6696ms (cache miss)
2133 http fetch GET 200 https://registry.npmjs.org/cookie-es/-/cookie-es-1.2.3.tgz 6697ms (cache miss)
2134 http fetch GET 200 https://registry.npmjs.org/common-ancestor-path/-/common-ancestor-path-2.0.0.tgz 6712ms (cache miss)
2135 http fetch GET 200 https://registry.npmjs.org/compress-commons/-/compress-commons-6.0.2.tgz 6713ms (cache miss)
2136 http fetch GET 200 https://registry.npmjs.org/compressible/-/compressible-2.0.18.tgz 6713ms (cache miss)
2137 http fetch GET 200 https://registry.npmjs.org/comma-separated-tokens/-/comma-separated-tokens-2.0.3.tgz 6718ms (cache miss)
2138 http fetch GET 200 https://registry.npmjs.org/css-tree/-/css-tree-2.3.1.tgz 6723ms (cache miss)
2139 http fetch GET 200 https://registry.npmjs.org/content-disposition/-/content-disposition-0.5.4.tgz 6724ms (cache miss)
2140 http fetch GET 200 https://registry.npmjs.org/compression/-/compression-1.8.1.tgz 6730ms (cache miss)
2141 http fetch GET 200 https://registry.npmjs.org/commander/-/commander-11.1.0.tgz 6731ms (cache miss)
2142 http fetch GET 200 https://registry.npmjs.org/color-name/-/color-name-1.1.4.tgz 6841ms (cache miss)
2143 http fetch GET 200 https://registry.npmjs.org/color-convert/-/color-convert-2.0.1.tgz 6841ms (cache miss)
2144 http fetch GET 200 https://registry.npmjs.org/collapse-white-space/-/collapse-white-space-2.1.0.tgz 6847ms (cache miss)
2145 http fetch GET 200 https://registry.npmjs.org/code-red/-/code-red-1.0.4.tgz 6871ms (cache miss)
2146 http fetch GET 200 https://registry.npmjs.org/clsx/-/clsx-2.1.1.tgz 6879ms (cache miss)
2147 http fetch GET 200 https://registry.npmjs.org/ci-info/-/ci-info-4.4.0.tgz 6891ms (cache miss)
2148 http fetch GET 200 https://registry.npmjs.org/character-reference-invalid/-/character-reference-invalid-2.0.1.tgz 6891ms (cache miss)
2149 http fetch GET 200 https://registry.npmjs.org/character-entities-legacy/-/character-entities-legacy-3.0.0.tgz 6892ms (cache miss)
2150 http fetch GET 200 https://registry.npmjs.org/character-entities-html4/-/character-entities-html4-2.1.0.tgz 6893ms (cache miss)
2151 http fetch GET 200 https://registry.npmjs.org/check-error/-/check-error-2.1.3.tgz 6900ms (cache miss)
2152 http fetch GET 200 https://registry.npmjs.org/chokidar/-/chokidar-3.6.0.tgz 6900ms (cache miss)
2153 http fetch GET 200 https://registry.npmjs.org/ccount/-/ccount-2.0.1.tgz 6898ms (cache miss)
2154 http fetch GET 200 https://registry.npmjs.org/character-entities/-/character-entities-2.0.2.tgz 6917ms (cache miss)
2155 http fetch GET 200 https://registry.npmjs.org/chai/-/chai-5.3.3.tgz 6955ms (cache miss)
2156 http fetch GET 200 https://registry.npmjs.org/call-bind-apply-helpers/-/call-bind-apply-helpers-1.0.2.tgz 7001ms (cache miss)
2157 http fetch GET 200 https://registry.npmjs.org/cac/-/cac-6.7.14.tgz 7022ms (cache miss)
2158 http fetch GET 200 https://registry.npmjs.org/call-bound/-/call-bound-1.0.4.tgz 7037ms (cache miss)
2159 http fetch GET 200 https://registry.npmjs.org/bytes/-/bytes-3.1.2.tgz 7043ms (cache miss)
2160 http fetch GET 200 https://registry.npmjs.org/brace-expansion/-/brace-expansion-2.1.1.tgz 7045ms (cache miss)
2161 http fetch GET 200 https://registry.npmjs.org/buffer/-/buffer-6.0.3.tgz 7063ms (cache miss)
2162 http fetch GET 200 https://registry.npmjs.org/buffer-crc32/-/buffer-crc32-1.0.0.tgz 7065ms (cache miss)
2163 http fetch GET 200 https://registry.npmjs.org/boolbase/-/boolbase-1.0.0.tgz 7064ms (cache miss)
2164 http fetch GET 200 https://registry.npmjs.org/braces/-/braces-3.0.3.tgz 7064ms (cache miss)
2165 http fetch GET 200 https://registry.npmjs.org/bcp-47/-/bcp-47-2.1.1.tgz 7071ms (cache miss)
2166 http fetch GET 200 https://registry.npmjs.org/binary-extensions/-/binary-extensions-2.3.0.tgz 7074ms (cache miss)
2167 http fetch GET 200 https://registry.npmjs.org/base64-js/-/base64-js-1.5.1.tgz 7105ms (cache miss)
2168 http fetch GET 200 https://registry.npmjs.org/bcp-47-match/-/bcp-47-match-2.0.3.tgz 7114ms (cache miss)
2169 http fetch GET 200 https://registry.npmjs.org/bare-stream/-/bare-stream-2.11.0.tgz 7159ms (cache miss)
2170 http fetch GET 200 https://registry.npmjs.org/bare-path/-/bare-path-3.0.0.tgz 7197ms (cache miss)
2171 http fetch GET 200 https://registry.npmjs.org/body-parser/-/body-parser-1.20.5.tgz 7236ms (cache miss)
2172 http fetch GET 200 https://registry.npmjs.org/balanced-match/-/balanced-match-1.0.2.tgz 7238ms (cache miss)
2173 http fetch GET 200 https://registry.npmjs.org/bare-events/-/bare-events-2.8.2.tgz 7239ms (cache miss)
2174 http fetch GET 200 https://registry.npmjs.org/bail/-/bail-2.0.2.tgz 7239ms (cache miss)
2175 http fetch GET 200 https://registry.npmjs.org/b4a/-/b4a-1.8.0.tgz 7250ms (cache miss)
2176 http fetch GET 200 https://registry.npmjs.org/axobject-query/-/axobject-query-4.1.0.tgz 7275ms (cache miss)
2177 http fetch GET 200 https://registry.npmjs.org/bare-os/-/bare-os-3.8.0.tgz 7379ms (cache miss)
2178 http fetch GET 200 https://registry.npmjs.org/async/-/async-3.2.6.tgz 7407ms (cache miss)
2179 http fetch GET 200 https://registry.npmjs.org/astring/-/astring-1.9.0.tgz 7408ms (cache miss)
2180 http fetch GET 200 https://registry.npmjs.org/assertion-error/-/assertion-error-2.0.1.tgz 7415ms (cache miss)
2181 http fetch GET 200 https://registry.npmjs.org/array-iterate/-/array-iterate-2.0.1.tgz 7415ms (cache miss)
2182 http fetch GET 200 https://registry.npmjs.org/cookie/-/cookie-0.7.2.tgz 7415ms (cache miss)
2183 http fetch GET 200 https://registry.npmjs.org/argparse/-/argparse-2.0.1.tgz 7414ms (cache miss)
2184 http fetch GET 200 https://registry.npmjs.org/array-flatten/-/array-flatten-1.1.1.tgz 7416ms (cache miss)
2185 http fetch GET 200 https://registry.npmjs.org/archiver-utils/-/archiver-utils-5.0.2.tgz 7420ms (cache miss)
2186 http fetch GET 200 https://registry.npmjs.org/bare-fs/-/bare-fs-4.5.6.tgz 7427ms (cache miss)
2187 http fetch GET 200 https://registry.npmjs.org/astro-expressive-code/-/astro-expressive-code-0.44.0.tgz 7435ms (cache miss)
2188 http fetch GET 200 https://registry.npmjs.org/aria-query/-/aria-query-5.3.2.tgz 7452ms (cache miss)
2189 http fetch GET 200 https://registry.npmjs.org/bare-url/-/bare-url-2.4.0.tgz 7505ms (cache miss)
2190 http fetch GET 200 https://registry.npmjs.org/ansi-styles/-/ansi-styles-6.2.3.tgz 7546ms (cache miss)
2191 http fetch GET 200 https://registry.npmjs.org/archiver/-/archiver-7.0.1.tgz 7566ms (cache miss)
2192 http fetch GET 200 https://registry.npmjs.org/acorn-jsx/-/acorn-jsx-5.3.2.tgz 7585ms (cache miss)
2193 http fetch GET 200 https://registry.npmjs.org/abort-controller/-/abort-controller-3.0.0.tgz 7586ms (cache miss)
2194 http fetch GET 200 https://registry.npmjs.org/ansi-regex/-/ansi-regex-6.2.2.tgz 7589ms (cache miss)
2195 http fetch GET 200 https://registry.npmjs.org/arg/-/arg-5.0.2.tgz 7591ms (cache miss)
2196 http fetch GET 200 https://registry.npmjs.org/anymatch/-/anymatch-3.1.3.tgz 7594ms (cache miss)
2197 http fetch GET 200 https://registry.npmjs.org/astro/-/astro-7.0.6.tgz 7603ms (cache miss)
2198 http fetch GET 200 https://registry.npmjs.org/@vitest/utils/-/utils-3.2.6.tgz 7602ms (cache miss)
2199 http fetch GET 200 https://registry.npmjs.org/accepts/-/accepts-1.3.8.tgz 7609ms (cache miss)
2200 http fetch GET 200 https://registry.npmjs.org/am-i-vibing/-/am-i-vibing-0.4.0.tgz 7610ms (cache miss)
2201 http fetch GET 200 https://registry.npmjs.org/acorn/-/acorn-8.16.0.tgz 7623ms (cache miss)
2202 http fetch GET 200 https://registry.npmjs.org/@vitest/spy/-/spy-3.2.6.tgz 7645ms (cache miss)
2203 http fetch GET 200 https://registry.npmjs.org/@vitest/snapshot/-/snapshot-3.2.6.tgz 7655ms (cache miss)
2204 http fetch GET 200 https://registry.npmjs.org/@vitest/runner/-/runner-3.2.6.tgz 7707ms (cache miss)
2205 http fetch GET 200 https://registry.npmjs.org/css-select/-/css-select-5.2.2.tgz 7728ms (cache miss)
2206 http fetch GET 200 https://registry.npmjs.org/@types/unist/-/unist-3.0.3.tgz 7767ms (cache miss)
2207 http fetch GET 200 https://registry.npmjs.org/@ungap/structured-clone/-/structured-clone-1.3.2.tgz 7777ms (cache miss)
2208 http fetch GET 200 https://registry.npmjs.org/@vitest/mocker/-/mocker-3.2.6.tgz 7778ms (cache miss)
2209 http fetch GET 200 https://registry.npmjs.org/@types/nlcst/-/nlcst-2.0.3.tgz 7896ms (cache miss)
2210 http fetch GET 200 https://registry.npmjs.org/@vitest/pretty-format/-/pretty-format-3.2.6.tgz 7895ms (cache miss)
2211 http fetch GET 200 https://registry.npmjs.org/@types/estree-jsx/-/estree-jsx-1.0.5.tgz 7895ms (cache miss)
2212 http fetch GET 200 https://registry.npmjs.org/@types/deep-eql/-/deep-eql-4.0.2.tgz 7896ms (cache miss)
2213 http fetch GET 200 https://registry.npmjs.org/@types/ms/-/ms-2.1.0.tgz 7897ms (cache miss)
2214 http fetch GET 200 https://registry.npmjs.org/@vitest/expect/-/expect-3.2.6.tgz 7897ms (cache miss)
2215 http fetch GET 200 https://registry.npmjs.org/@types/mdast/-/mdast-4.0.4.tgz 7898ms (cache miss)
2216 http fetch GET 200 https://registry.npmjs.org/@types/mdx/-/mdx-2.0.14.tgz 7898ms (cache miss)
2217 http fetch GET 200 https://registry.npmjs.org/@types/js-yaml/-/js-yaml-4.0.9.tgz 7898ms (cache miss)
2218 http fetch GET 200 https://registry.npmjs.org/@types/debug/-/debug-4.1.13.tgz 7900ms (cache miss)
2219 http fetch GET 200 https://registry.npmjs.org/@types/node/-/node-24.13.2.tgz 7947ms (cache miss)
2220 http fetch GET 200 https://registry.npmjs.org/@types/hast/-/hast-3.0.4.tgz 7952ms (cache miss)
2221 http fetch GET 200 https://registry.npmjs.org/@types/chai/-/chai-5.2.3.tgz 7963ms (cache miss)
2222 http fetch GET 200 https://registry.npmjs.org/@types/sax/-/sax-1.2.7.tgz 7972ms (cache miss)
2223 http fetch GET 200 https://registry.npmjs.org/@shikijs/types/-/types-4.3.1.tgz 8059ms (cache miss)
2224 http fetch GET 200 https://registry.npmjs.org/@types/estree/-/estree-1.0.8.tgz 8067ms (cache miss)
2225 http fetch GET 200 https://registry.npmjs.org/@rolldown/pluginutils/-/pluginutils-1.0.1.tgz 8085ms (cache miss)
2226 http fetch GET 200 https://registry.npmjs.org/@shikijs/core/-/core-4.3.1.tgz 8096ms (cache miss)
2227 http fetch GET 200 https://registry.npmjs.org/@shikijs/primitive/-/primitive-4.3.1.tgz 8103ms (cache miss)
2228 http fetch GET 200 https://registry.npmjs.org/@shikijs/vscode-textmate/-/vscode-textmate-10.0.2.tgz 8116ms (cache miss)
2229 http fetch GET 200 https://registry.npmjs.org/@shikijs/engine-oniguruma/-/engine-oniguruma-4.3.1.tgz 8140ms (cache miss)
2230 http fetch GET 200 https://registry.npmjs.org/@rollup/pluginutils/-/pluginutils-5.4.0.tgz 8141ms (cache miss)
2231 http fetch GET 200 https://registry.npmjs.org/@pkgjs/parseargs/-/parseargs-0.11.0.tgz 8153ms (cache miss)
2232 http fetch GET 200 https://registry.npmjs.org/@tybys/wasm-util/-/wasm-util-0.10.3.tgz 8167ms (cache miss)
2233 http fetch GET 200 https://registry.npmjs.org/@shikijs/themes/-/themes-4.3.1.tgz 8241ms (cache miss)
2234 http fetch GET 200 https://registry.npmjs.org/@oxc-project/types/-/types-0.138.0.tgz 8272ms (cache miss)
2235 http fetch GET 200 https://registry.npmjs.org/@pagefind/default-ui/-/default-ui-1.5.2.tgz 8292ms (cache miss)
2236 http fetch GET 200 https://registry.npmjs.org/@shikijs/engine-javascript/-/engine-javascript-4.3.1.tgz 8303ms (cache miss)
2237 http fetch GET 200 https://registry.npmjs.org/@jridgewell/resolve-uri/-/resolve-uri-3.1.2.tgz 8425ms (cache miss)
2238 http fetch GET 200 https://registry.npmjs.org/@oslojs/encoding/-/encoding-1.1.0.tgz 8436ms (cache miss)
2239 http fetch GET 200 https://registry.npmjs.org/@rollup/rollup-darwin-arm64/-/rollup-darwin-arm64-4.60.3.tgz 8452ms (cache miss)
2240 http fetch GET 200 https://registry.npmjs.org/@noble/hashes/-/hashes-2.2.0.tgz 8472ms (cache miss)
2241 http fetch GET 200 https://registry.npmjs.org/@mdx-js/mdx/-/mdx-3.1.1.tgz 8477ms (cache miss)
2242 http fetch GET 200 https://registry.npmjs.org/@jridgewell/sourcemap-codec/-/sourcemap-codec-1.5.5.tgz 8484ms (cache miss)
2243 http fetch GET 200 https://registry.npmjs.org/@jridgewell/trace-mapping/-/trace-mapping-0.3.31.tgz 8487ms (cache miss)
2244 http fetch GET 200 https://registry.npmjs.org/@napi-rs/wasm-runtime/-/wasm-runtime-1.1.6.tgz 8490ms (cache miss)
2245 http fetch GET 200 https://registry.npmjs.org/@shikijs/langs/-/langs-4.3.1.tgz 8527ms (cache miss)
2246 http fetch GET 200 https://registry.npmjs.org/@expressive-code/plugin-shiki/-/plugin-shiki-0.44.0.tgz 8621ms (cache miss)
2247 http fetch GET 200 https://registry.npmjs.org/@jridgewell/gen-mapping/-/gen-mapping-0.3.13.tgz 8621ms (cache miss)
2248 http fetch GET 200 https://registry.npmjs.org/@img/colour/-/colour-1.1.0.tgz 8628ms (cache miss)
2249 http fetch GET 200 https://registry.npmjs.org/@expressive-code/plugin-frames/-/plugin-frames-0.44.0.tgz 8631ms (cache miss)
2250 http fetch GET 200 https://registry.npmjs.org/@emnapi/wasi-threads/-/wasi-threads-1.2.2.tgz 8643ms (cache miss)
2251 http fetch GET 200 https://registry.npmjs.org/@img/sharp-darwin-arm64/-/sharp-darwin-arm64-0.35.3.tgz 8648ms (cache miss)
2252 http fetch GET 200 https://registry.npmjs.org/@clack/core/-/core-1.4.3.tgz 8701ms (cache miss)
2253 http fetch GET 200 https://registry.npmjs.org/@isaacs/cliui/-/cliui-8.0.2.tgz 8722ms (cache miss)
2254 http fetch GET 200 https://registry.npmjs.org/@expressive-code/plugin-text-markers/-/plugin-text-markers-0.44.0.tgz 8723ms (cache miss)
2255 http fetch GET 200 https://registry.npmjs.org/@ctrl/tinycolor/-/tinycolor-4.2.0.tgz 8805ms (cache miss)
2256 http fetch GET 200 https://registry.npmjs.org/@clack/prompts/-/prompts-1.7.0.tgz 8925ms (cache miss)
2257 http fetch GET 200 https://registry.npmjs.org/@capsizecss/unpack/-/unpack-4.0.1.tgz 8989ms (cache miss)
2258 http fetch GET 200 https://registry.npmjs.org/@emnapi/core/-/core-1.11.2.tgz 9005ms (cache miss)
2259 http fetch GET 200 https://registry.npmjs.org/@emnapi/runtime/-/runtime-1.11.2.tgz 9020ms (cache miss)
2260 http fetch GET 200 https://registry.npmjs.org/@rolldown/binding-darwin-arm64/-/binding-darwin-arm64-1.1.4.tgz 9189ms (cache miss)
2261 http fetch GET 200 https://registry.npmjs.org/@babel/helper-string-parser/-/helper-string-parser-7.29.7.tgz 9227ms (cache miss)
2262 http fetch GET 200 https://registry.npmjs.org/@babel/parser/-/parser-7.29.7.tgz 9238ms (cache miss)
2263 http fetch GET 200 https://registry.npmjs.org/@babel/types/-/types-7.29.7.tgz 9238ms (cache miss)
2264 http fetch GET 200 https://registry.npmjs.org/@astrojs/starlight/-/starlight-0.41.3.tgz 9247ms (cache miss)
2265 http fetch GET 200 https://registry.npmjs.org/@astrojs/telemetry/-/telemetry-3.3.2.tgz 9251ms (cache miss)
2266 http fetch GET 200 https://registry.npmjs.org/@babel/helper-validator-identifier/-/helper-validator-identifier-7.29.7.tgz 9290ms (cache miss)
2267 http fetch GET 200 https://registry.npmjs.org/@astrojs/sitemap/-/sitemap-3.7.3.tgz 9292ms (cache miss)
2268 http fetch GET 200 https://registry.npmjs.org/@bruits/satteri-darwin-arm64/-/satteri-darwin-arm64-0.9.4.tgz 9347ms (cache miss)
2269 http fetch GET 200 https://registry.npmjs.org/@astrojs/markdown-satteri/-/markdown-satteri-0.3.3.tgz 9459ms (cache miss)
2270 http fetch GET 200 https://registry.npmjs.org/@oxlint/binding-darwin-arm64/-/binding-darwin-arm64-1.70.0.tgz 9511ms (cache miss)
2271 http fetch GET 200 https://registry.npmjs.org/@astrojs/compiler-rs/-/compiler-rs-0.3.0.tgz 9514ms (cache miss)
2272 http fetch GET 200 https://registry.npmjs.org/@astrojs/mdx/-/mdx-7.0.2.tgz 9517ms (cache miss)
2273 http fetch GET 200 https://registry.npmjs.org/@astrojs/internal-helpers/-/internal-helpers-0.10.1.tgz 9521ms (cache miss)
2274 http fetch GET 200 https://registry.npmjs.org/@astrojs/compiler-binding/-/compiler-binding-0.3.0.tgz 9537ms (cache miss)
2275 http fetch GET 200 https://registry.npmjs.org/@ampproject/remapping/-/remapping-2.3.0.tgz 9539ms (cache miss)
2276 http fetch GET 200 https://registry.npmjs.org/@img/sharp-wasm32/-/sharp-wasm32-0.35.3.tgz 9585ms (cache miss)
2277 http fetch GET 200 https://registry.npmjs.org/@expressive-code/core/-/core-0.44.0.tgz 9611ms (cache miss)
2278 http fetch GET 200 https://registry.npmjs.org/ansi-styles/-/ansi-styles-4.3.0.tgz 9629ms (cache miss)
2279 http fetch GET 200 https://registry.npmjs.org/@astrojs/markdown-remark/-/markdown-remark-7.2.1.tgz 9642ms (cache miss)
2280 http fetch GET 200 https://registry.npmjs.org/picomatch/-/picomatch-4.0.4.tgz 9672ms (cache miss)
2281 http fetch GET 200 https://registry.npmjs.org/ms/-/ms-2.1.3.tgz 9674ms (cache miss)
2282 http fetch GET 200 https://registry.npmjs.org/emoji-regex/-/emoji-regex-8.0.0.tgz 9701ms (cache miss)
2283 http fetch GET 200 https://registry.npmjs.org/debug/-/debug-4.4.3.tgz 9711ms (cache miss)
2284 http fetch GET 200 https://registry.npmjs.org/ansi-regex/-/ansi-regex-5.0.1.tgz 9716ms (cache miss)
2285 http fetch GET 200 https://registry.npmjs.org/ms/-/ms-2.1.3.tgz 9728ms (cache miss)
2286 http fetch GET 200 https://registry.npmjs.org/debug/-/debug-4.4.3.tgz 9792ms (cache miss)
2287 http fetch GET 200 https://registry.npmjs.org/fdir/-/fdir-6.5.0.tgz 9985ms (cache miss)
2288 http fetch GET 200 https://registry.npmjs.org/esbuild/-/esbuild-0.27.7.tgz 9987ms (cache miss)
2289 http fetch GET 200 https://registry.npmjs.org/picomatch/-/picomatch-4.0.4.tgz 9988ms (cache miss)
2290 http fetch GET 200 https://registry.npmjs.org/string-width/-/string-width-4.2.3.tgz 10015ms (cache miss)
2291 http fetch GET 200 https://registry.npmjs.org/chokidar/-/chokidar-5.0.0.tgz 10073ms (cache miss)
2292 http fetch GET 200 https://registry.npmjs.org/@img/sharp-libvips-darwin-arm64/-/sharp-libvips-darwin-arm64-1.3.2.tgz 10114ms (cache miss)
2293 http fetch GET 200 https://registry.npmjs.org/lru-cache/-/lru-cache-11.5.1.tgz 10126ms (cache miss)
2294 http fetch GET 200 https://registry.npmjs.org/mdn-data/-/mdn-data-2.27.1.tgz 10176ms (cache miss)
2295 http fetch GET 200 https://registry.npmjs.org/@astrojs/compiler-binding-darwin-arm64/-/compiler-binding-darwin-arm64-0.3.0.tgz 10271ms (cache miss)
2296 http fetch GET 200 https://registry.npmjs.org/picomatch/-/picomatch-4.0.4.tgz 10282ms (cache miss)
2297 http fetch GET 200 https://registry.npmjs.org/css-tree/-/css-tree-3.2.1.tgz 10295ms (cache miss)
2298 http fetch GET 200 https://registry.npmjs.org/fdir/-/fdir-6.5.0.tgz 10310ms (cache miss)
2299 http fetch GET 200 https://registry.npmjs.org/mdn-data/-/mdn-data-2.27.1.tgz 10310ms (cache miss)
2300 http fetch GET 200 https://registry.npmjs.org/ansi-regex/-/ansi-regex-5.0.1.tgz 10327ms (cache miss)
2301 http fetch GET 200 https://registry.npmjs.org/strip-ansi/-/strip-ansi-6.0.1.tgz 10337ms (cache miss)
2302 http fetch GET 200 https://registry.npmjs.org/emoji-regex/-/emoji-regex-8.0.0.tgz 10349ms (cache miss)
2303 http fetch GET 200 https://registry.npmjs.org/@astrojs/prism/-/prism-4.0.2.tgz 10359ms (cache miss)
2304 http fetch GET 200 https://registry.npmjs.org/minimatch/-/minimatch-5.1.9.tgz 10363ms (cache miss)
2305 http fetch GET 200 https://registry.npmjs.org/css-tree/-/css-tree-3.2.1.tgz 10377ms (cache miss)
2306 http fetch GET 200 https://registry.npmjs.org/ms/-/ms-2.1.3.tgz 10507ms (cache miss)
2307 http fetch GET 200 https://registry.npmjs.org/debug/-/debug-4.4.3.tgz 10507ms (cache miss)
2308 http fetch GET 200 https://registry.npmjs.org/readdirp/-/readdirp-5.0.0.tgz 10530ms (cache miss)
2309 http fetch GET 200 https://registry.npmjs.org/string_decoder/-/string_decoder-1.1.1.tgz 10546ms (cache miss)
2310 http fetch GET 200 https://registry.npmjs.org/@fontsource/noto-sans/-/noto-sans-5.2.10.tgz 10568ms (cache miss)
2311 http fetch GET 200 https://registry.npmjs.org/readable-stream/-/readable-stream-2.3.8.tgz 10563ms (cache miss)
2312 http fetch GET 200 https://registry.npmjs.org/@types/unist/-/unist-2.0.11.tgz 10585ms (cache miss)
2313 http fetch GET 200 https://registry.npmjs.org/is-docker/-/is-docker-3.0.0.tgz 10584ms (cache miss)
2314 http fetch GET 200 https://registry.npmjs.org/ansi-regex/-/ansi-regex-5.0.1.tgz 10598ms (cache miss)
2315 http fetch GET 200 https://registry.npmjs.org/entities/-/entities-4.5.0.tgz 10608ms (cache miss)
2316 http fetch GET 200 https://registry.npmjs.org/mdn-data/-/mdn-data-2.0.28.tgz 10620ms (cache miss)
2317 http fetch GET 200 https://registry.npmjs.org/css-tree/-/css-tree-2.2.1.tgz 10646ms (cache miss)
2318 http fetch GET 200 https://registry.npmjs.org/esbuild/-/esbuild-0.28.1.tgz 10702ms (cache miss)
2319 http fetch GET 200 https://registry.npmjs.org/negotiator/-/negotiator-0.6.4.tgz 10716ms (cache miss)
2320 http fetch GET 200 https://registry.npmjs.org/cookie/-/cookie-1.1.1.tgz 10728ms (cache miss)
2321 http fetch GET 200 https://registry.npmjs.org/tinyexec/-/tinyexec-1.2.4.tgz 10730ms (cache miss)
2322 http fetch GET 200 https://registry.npmjs.org/vite/-/vite-8.1.3.tgz 10737ms (cache miss)
2323 http fetch GET 200 https://registry.npmjs.org/es-module-lexer/-/es-module-lexer-2.3.0.tgz 10738ms (cache miss)
2324 http fetch GET 200 https://registry.npmjs.org/picomatch/-/picomatch-4.0.5.tgz 10762ms (cache miss)
2325 http fetch GET 200 https://registry.npmjs.org/picomatch/-/picomatch-4.0.5.tgz 10768ms (cache miss)
2326 http fetch GET 200 https://registry.npmjs.org/estree-walker/-/estree-walker-2.0.2.tgz 10819ms (cache miss)
2327 http fetch GET 200 https://registry.npmjs.org/@emnapi/runtime/-/runtime-1.11.1.tgz 10832ms (cache miss)
2328 http fetch GET 200 https://registry.npmjs.org/@emnapi/core/-/core-1.11.1.tgz 10853ms (cache miss)
2329 http fetch GET 200 https://registry.npmjs.org/strip-ansi/-/strip-ansi-6.0.1.tgz 10898ms (cache miss)
2330 http fetch GET 200 https://registry.npmjs.org/ms/-/ms-2.1.3.tgz 10902ms (cache miss)
2331 http fetch GET 200 https://registry.npmjs.org/picomatch/-/picomatch-4.0.5.tgz 10903ms (cache miss)
2332 http fetch GET 200 https://registry.npmjs.org/@esbuild/darwin-arm64/-/darwin-arm64-0.27.7.tgz 10920ms (cache miss)
2333 http fetch GET 200 https://registry.npmjs.org/@emnapi/runtime/-/runtime-1.11.1.tgz 10914ms (cache miss)
2334 http fetch GET 200 https://registry.npmjs.org/safe-buffer/-/safe-buffer-5.1.2.tgz 11016ms (cache miss)
2335 http fetch GET 200 https://registry.npmjs.org/es-module-lexer/-/es-module-lexer-2.3.0.tgz 11026ms (cache miss)
2336 http fetch GET 200 https://registry.npmjs.org/@emnapi/core/-/core-1.11.1.tgz 11030ms (cache miss)
2337 http fetch GET 200 https://registry.npmjs.org/@esbuild/darwin-arm64/-/darwin-arm64-0.28.1.tgz 11480ms (cache miss)
2338 http fetch GET 200 https://registry.npmjs.org/@pagefind/darwin-arm64/-/darwin-arm64-1.5.2.tgz 11930ms (cache miss)
2339 info run esbuild@0.20.0 postinstall node_modules/esbuild node install.js
2340 info run esbuild@0.28.1 postinstall node_modules/astro/node_modules/esbuild node install.js
2341 info run esbuild@0.27.7 postinstall node_modules/vite/node_modules/esbuild node install.js
2342 info run esbuild@0.27.7 postinstall { code: 0, signal: null }
2343 info run esbuild@0.20.0 postinstall { code: 0, signal: null }
2344 info run esbuild@0.28.1 postinstall { code: 0, signal: null }
